unix,date,symbol,open,high,low,close,Volume DOGE,Volume USD
1734566400,2024-12-19 00:00:00,DOGE/USD,0.35790,0.36063,0.35477,0.35984,155557.88,55975.9475392
1734480000,2024-12-18 00:00:00,DOGE/USD,0.39411,0.39597,0.34812,0.35787,14268013.24,5106093.8981988
1734393600,2024-12-17 00:00:00,DOGE/USD,0.40183,0.40990,0.39186,0.39409,5585482.83,2201182.9284747
1734307200,2024-12-16 00:00:00,DOGE/USD,0.40728,0.41458,0.39269,0.40190,11006779.40,4423624.64086
1734220800,2024-12-15 00:00:00,DOGE/USD,0.39813,0.41104,0.39271,0.40616,14937590.32,6067051.6843712
1734134400,2024-12-14 00:00:00,DOGE/USD,0.40822,0.41399,0.38772,0.39826,8656782.33,3447650.1307458
1734048000,2024-12-13 00:00:00,DOGE/USD,0.40585,0.41194,0.39968,0.40906,10782268.59,4410594.7894254
1733961600,2024-12-12 00:00:00,DOGE/USD,0.41351,0.42480,0.40125,0.40663,16031813.82,6519016.4536266
1733875200,2024-12-11 00:00:00,DOGE/USD,0.39456,0.41912,0.37547,0.41459,23119278.29,9585021.5862511
1733788800,2024-12-10 00:00:00,DOGE/USD,0.41334,0.42294,0.36566,0.39464,41971750.34,16563731.5541776
1733702400,2024-12-09 00:00:00,DOGE/USD,0.46698,0.46698,0.37801,0.41429,42859815.96,17756393.1540684
1733616000,2024-12-08 00:00:00,DOGE/USD,0.45327,0.48481,0.44651,0.46686,19753081.98,9221923.8531828
1733529600,2024-12-07 00:00:00,DOGE/USD,0.43514,0.46652,0.43182,0.45401,22867679.29,10382155.0744529
1733443200,2024-12-06 00:00:00,DOGE/USD,0.42633,0.44279,0.42048,0.43541,13451010.30,5856704.394723001
1733356800,2024-12-05 00:00:00,DOGE/USD,0.43272,0.46549,0.40839,0.42754,37261331.93,15930709.853352198
1733270400,2024-12-04 00:00:00,DOGE/USD,0.40891,0.43712,0.40014,0.43328,16607237.90,7195584.037312
1733184000,2024-12-03 00:00:00,DOGE/USD,0.42585,0.42921,0.38819,0.40700,29889529.62,12165038.55534
1733097600,2024-12-02 00:00:00,DOGE/USD,0.44090,0.46347,0.40086,0.42462,31374093.91,13322067.7560642
1733011200,2024-12-01 00:00:00,DOGE/USD,0.42164,0.44990,0.41674,0.44124,18445336.97,8138820.4846428
1732924800,2024-11-30 00:00:00,DOGE/USD,0.42657,0.43570,0.41390,0.42216,8446033.03,3565577.3039447996
1732838400,2024-11-29 00:00:00,DOGE/USD,0.40192,0.43798,0.39965,0.42623,9111350.25,3883530.8170575
1732752000,2024-11-28 00:00:00,DOGE/USD,0.40045,0.42917,0.39155,0.40200,5884589.71,2365605.06342
1732665600,2024-11-27 00:00:00,DOGE/USD,0.38694,0.40879,0.38106,0.40143,7149769.57,2870131.9984851
1732579200,2024-11-26 00:00:00,DOGE/USD,0.39229,0.40885,0.36500,0.38693,17628433.07,6820969.6077751005
1732492800,2024-11-25 00:00:00,DOGE/USD,0.43079,0.43721,0.38061,0.39361,26056574.93,10256128.4581973
1732406400,2024-11-24 00:00:00,DOGE/USD,0.43053,0.45414,0.39903,0.43100,16083229.26,6931871.81106
1732320000,2024-11-23 00:00:00,DOGE/USD,0.41327,0.48057,0.40527,0.43057,40376142.97,17384755.8785929
1732233600,2024-11-22 00:00:00,DOGE/USD,0.38709,0.42041,0.38132,0.41347,37557168.51,15528762.4638297
1732147200,2024-11-21 00:00:00,DOGE/USD,0.37766,0.39558,0.36867,0.38785,21414623.07,8305661.5576995
1732060800,2024-11-20 00:00:00,DOGE/USD,0.39124,0.39663,0.36481,0.37676,16226687.58,6113566.8126408
1731974400,2024-11-19 00:00:00,DOGE/USD,0.37016,0.42051,0.36681,0.39126,24519071.86,9593332.055943599
1731888000,2024-11-18 00:00:00,DOGE/USD,0.36519,0.38895,0.35772,0.37170,26305503.12,9777755.509704
1731801600,2024-11-17 00:00:00,DOGE/USD,0.36480,0.37535,0.34004,0.36703,12384319.74,4545416.8741722
1731715200,2024-11-16 00:00:00,DOGE/USD,0.38160,0.39131,0.36000,0.36382,18007527.00,6551498.473139999
1731628800,2024-11-15 00:00:00,DOGE/USD,0.36252,0.38512,0.35267,0.38149,33855250.31,12915439.440761901
1731542400,2024-11-14 00:00:00,DOGE/USD,0.40143,0.41629,0.35268,0.36215,37153022.02,13454966.924543003
1731456000,2024-11-13 00:00:00,DOGE/USD,0.38086,0.43458,0.35217,0.40066,40411961.65,16191456.554689
1731369600,2024-11-12 00:00:00,DOGE/USD,0.35209,0.44000,0.32801,0.38031,73015216.35,27768416.930068497
1731283200,2024-11-11 00:00:00,DOGE/USD,0.27686,0.35134,0.27400,0.35134,45592834.90,16018586.613766
1731196800,2024-11-10 00:00:00,DOGE/USD,0.21952,0.29811,0.21697,0.27714,46395070.13,12857929.7358282
1731110400,2024-11-09 00:00:00,DOGE/USD,0.20214,0.22023,0.19783,0.21948,10046359.72,2204975.0313456003
1731024000,2024-11-08 00:00:00,DOGE/USD,0.19558,0.20750,0.19090,0.20204,23553863.00,4758822.48052
1730937600,2024-11-07 00:00:00,DOGE/USD,0.19598,0.20390,0.18432,0.19336,7143548.37,1381276.5128232
1730851200,2024-11-06 00:00:00,DOGE/USD,0.17019,0.21900,0.16976,0.19688,44951851.36,8850120.4957568
1730764800,2024-11-05 00:00:00,DOGE/USD,0.15949,0.19800,0.15949,0.16980,44768616.87,7601711.144526
1730678400,2024-11-04 00:00:00,DOGE/USD,0.15038,0.16000,0.14862,0.15815,19105090.17,3021470.0103855007
1730592000,2024-11-03 00:00:00,DOGE/USD,0.15948,0.15978,0.14273,0.15191,6996871.88,1062894.8072908
1730505600,2024-11-02 00:00:00,DOGE/USD,0.15907,0.16353,0.15547,0.15936,4805172.45,765752.281632
1730419200,2024-11-01 00:00:00,DOGE/USD,0.16126,0.16881,0.15407,0.15923,17925472.51,2854272.9877673006
1730332800,2024-10-31 00:00:00,DOGE/USD,0.16935,0.17309,0.15631,0.16137,8654680.89,1396605.8552193001
1730246400,2024-10-30 00:00:00,DOGE/USD,0.17633,0.17774,0.16501,0.16800,5124867.66,860977.7668800001
1730160000,2024-10-29 00:00:00,DOGE/USD,0.16057,0.18400,0.16057,0.17588,13857286.10,2437219.479268
1730073600,2024-10-28 00:00:00,DOGE/USD,0.14414,0.16223,0.14100,0.16133,14515396.91,2341768.9834903
1729987200,2024-10-27 00:00:00,DOGE/USD,0.13706,0.14605,0.13595,0.14424,3903660.10,563063.932824
1729900800,2024-10-26 00:00:00,DOGE/USD,0.13159,0.13773,0.13091,0.13727,1436221.93,197150.1843311
1729814400,2024-10-25 00:00:00,DOGE/USD,0.14212,0.14224,0.12790,0.13140,12210950.71,1604518.923294
1729728000,2024-10-24 00:00:00,DOGE/USD,0.14021,0.14348,0.13625,0.14202,4402037.89,625177.4211378
1729641600,2024-10-23 00:00:00,DOGE/USD,0.13965,0.14093,0.13305,0.13966,8143973.83,1137387.3850978
1729555200,2024-10-22 00:00:00,DOGE/USD,0.14448,0.14813,0.13649,0.13948,7574805.65,1056533.892062
1729468800,2024-10-21 00:00:00,DOGE/USD,0.14203,0.15157,0.13876,0.14361,9458722.40,1358367.123864
1729382400,2024-10-20 00:00:00,DOGE/USD,0.14406,0.14550,0.13729,0.14178,6775706.91,960659.7256998
1729296000,2024-10-19 00:00:00,DOGE/USD,0.13716,0.14700,0.13716,0.14406,6614143.88,952833.5673527999
1729209600,2024-10-18 00:00:00,DOGE/USD,0.12984,0.14088,0.12968,0.13709,11071699.59,1517819.2967931
1729123200,2024-10-17 00:00:00,DOGE/USD,0.12572,0.13046,0.12055,0.12974,10422961.19,1352274.9847906
1729036800,2024-10-16 00:00:00,DOGE/USD,0.11761,0.12963,0.11584,0.12543,15592559.83,1955774.7794769001
1728950400,2024-10-15 00:00:00,DOGE/USD,0.11665,0.11900,0.11016,0.11780,5218725.14,614765.821492
1728864000,2024-10-14 00:00:00,DOGE/USD,0.11086,0.11750,0.10939,0.11664,3429109.74,399971.3600736
1728777600,2024-10-13 00:00:00,DOGE/USD,0.11146,0.11201,0.10869,0.11127,826106.43,91920.8624661
1728691200,2024-10-12 00:00:00,DOGE/USD,0.11084,0.11210,0.10943,0.11134,1232619.55,137239.860697
1728604800,2024-10-11 00:00:00,DOGE/USD,0.10606,0.11130,0.10562,0.11089,3011905.72,333990.22529080004
1728518400,2024-10-10 00:00:00,DOGE/USD,0.10788,0.10851,0.10315,0.10587,2501025.17,264783.53474790003
1728432000,2024-10-09 00:00:00,DOGE/USD,0.10728,0.11140,0.10634,0.10803,3172404.84,342714.8948652
1728345600,2024-10-08 00:00:00,DOGE/USD,0.10879,0.10959,0.10524,0.10656,1473227.37,156987.1085472
1728259200,2024-10-07 00:00:00,DOGE/USD,0.11119,0.11537,0.10838,0.10838,2993499.41,324435.46605580003
1728172800,2024-10-06 00:00:00,DOGE/USD,0.10932,0.11280,0.10847,0.11155,473713.58,52842.749849
1728086400,2024-10-05 00:00:00,DOGE/USD,0.10968,0.11011,0.10772,0.10957,541189.51,59298.1346107
1728000000,2024-10-04 00:00:00,DOGE/USD,0.10547,0.11057,0.10532,0.10935,908964.61,99395.2801035
1727913600,2024-10-03 00:00:00,DOGE/USD,0.10455,0.10661,0.10139,0.10524,1262104.66,132823.89441839998
1727827200,2024-10-02 00:00:00,DOGE/USD,0.10694,0.10911,0.10250,0.10505,1024057.69,107577.2603345
1727740800,2024-10-01 00:00:00,DOGE/USD,0.11502,0.11884,0.10266,0.10703,1734053.75,185595.7728625
1727654400,2024-09-30 00:00:00,DOGE/USD,0.12457,0.12458,0.11340,0.11385,1823545.45,207610.6494825
1727568000,2024-09-29 00:00:00,DOGE/USD,0.12807,0.13034,0.12458,0.12458,1230836.82,153337.6510356
1727481600,2024-09-28 00:00:00,DOGE/USD,0.12353,0.13208,0.12030,0.12824,2359627.73,302598.6600952
1727395200,2024-09-27 00:00:00,DOGE/USD,0.11852,0.12860,0.11713,0.12368,6900788.32,853489.4994176
1727308800,2024-09-26 00:00:00,DOGE/USD,0.10878,0.12050,0.10713,0.11810,4770105.21,563349.425301
1727222400,2024-09-25 00:00:00,DOGE/USD,0.10948,0.11100,0.10823,0.10856,2492243.80,270557.986928
1727136000,2024-09-24 00:00:00,DOGE/USD,0.10811,0.11053,0.10691,0.10955,463607.12,50788.159995999995
1727049600,2024-09-23 00:00:00,DOGE/USD,0.10503,0.10900,0.10485,0.10827,390988.07,42332.2783389
1726963200,2024-09-22 00:00:00,DOGE/USD,0.10992,0.10992,0.10387,0.10618,386983.21,41089.8772378
1726876800,2024-09-21 00:00:00,DOGE/USD,0.10521,0.11040,0.10424,0.11040,915838.01,101108.516304
1726790400,2024-09-20 00:00:00,DOGE/USD,0.10513,0.10721,0.10369,0.10546,2971205.28,313343.3088288
1726704000,2024-09-19 00:00:00,DOGE/USD,0.10401,0.10710,0.10384,0.10497,1305447.97,137032.87341089998
1726617600,2024-09-18 00:00:00,DOGE/USD,0.10113,0.10328,0.09962,0.10298,1819837.96,187406.9131208
1726531200,2024-09-17 00:00:00,DOGE/USD,0.09961,0.10260,0.09909,0.10096,1836304.77,185393.32957919998
1726444800,2024-09-16 00:00:00,DOGE/USD,0.10245,0.10265,0.09839,0.09968,1069913.64,106648.9916352
1726358400,2024-09-15 00:00:00,DOGE/USD,0.10622,0.10641,0.10238,0.10303,2421718.76,249509.68384279998
1726272000,2024-09-14 00:00:00,DOGE/USD,0.10705,0.10767,0.10448,0.10563,1041180.12,109979.85607560001
1726185600,2024-09-13 00:00:00,DOGE/USD,0.10265,0.10849,0.10191,0.10709,768028.10,82248.129229
1726099200,2024-09-12 00:00:00,DOGE/USD,0.10179,0.10330,0.10065,0.10270,429533.03,44113.042181000004
1726012800,2024-09-11 00:00:00,DOGE/USD,0.10276,0.10285,0.09800,0.10117,715136.63,72350.3728571
1725926400,2024-09-10 00:00:00,DOGE/USD,0.10361,0.10453,0.10182,0.10278,996692.34,102440.03870519999
1725840000,2024-09-09 00:00:00,DOGE/USD,0.09609,0.10462,0.09579,0.10392,1708330.71,177529.7273832
1725753600,2024-09-08 00:00:00,DOGE/USD,0.09529,0.09686,0.09416,0.09617,378214.31,36372.8701927
1725667200,2024-09-07 00:00:00,DOGE/USD,0.09241,0.09566,0.09187,0.09513,1805864.06,171791.8480278
1725580800,2024-09-06 00:00:00,DOGE/USD,0.09851,0.09932,0.08900,0.09248,1792039.71,165727.8323808
1725494400,2024-09-05 00:00:00,DOGE/USD,0.09807,0.09899,0.09623,0.09841,607967.83,59830.114150299996
1725408000,2024-09-04 00:00:00,DOGE/USD,0.09688,0.09929,0.09227,0.09814,917523.70,90045.775918
1725321600,2024-09-03 00:00:00,DOGE/USD,0.09901,0.10071,0.09696,0.09698,439440.28,42616.918354400004
1725235200,2024-09-02 00:00:00,DOGE/USD,0.09546,0.09979,0.09419,0.09913,1076397.70,106703.304001
1725148800,2024-09-01 00:00:00,DOGE/USD,0.10129,0.10148,0.09436,0.09555,521540.96,49833.238728
1725062400,2024-08-31 00:00:00,DOGE/USD,0.10160,0.10221,0.10049,0.10128,310441.33,31441.4979024
1724976000,2024-08-30 00:00:00,DOGE/USD,0.10021,0.10280,0.09740,0.10183,1293341.86,131701.00160380002
1724889600,2024-08-29 00:00:00,DOGE/USD,0.09985,0.10242,0.09853,0.10053,1139806.44,114584.74141319998
1724803200,2024-08-28 00:00:00,DOGE/USD,0.09842,0.10173,0.09701,0.09967,3721187.92,370890.7999864
1724716800,2024-08-27 00:00:00,DOGE/USD,0.10523,0.10651,0.09672,0.09912,659029.06,65322.96042720001
1724630400,2024-08-26 00:00:00,DOGE/USD,0.10970,0.10985,0.10470,0.10583,808939.02,85610.0164866
1724544000,2024-08-25 00:00:00,DOGE/USD,0.11268,0.11288,0.10810,0.10977,1002676.83,110063.83562910001
1724457600,2024-08-24 00:00:00,DOGE/USD,0.11320,0.11493,0.11092,0.11221,846727.62,95011.3062402
1724371200,2024-08-23 00:00:00,DOGE/USD,0.10565,0.11518,0.10562,0.11293,2830724.97,319673.7708621
1724284800,2024-08-22 00:00:00,DOGE/USD,0.10621,0.10668,0.10431,0.10530,2465682.40,259636.35672
1724198400,2024-08-21 00:00:00,DOGE/USD,0.10354,0.10794,0.10239,0.10609,895911.94,95047.29771459999
1724112000,2024-08-20 00:00:00,DOGE/USD,0.10131,0.10563,0.10129,0.10322,4174958.76,430939.2432072
1724025600,2024-08-19 00:00:00,DOGE/USD,0.09990,0.10170,0.09872,0.10148,764174.28,77548.4059344
1723939200,2024-08-18 00:00:00,DOGE/USD,0.10274,0.10416,0.10024,0.10032,638856.97,64090.1312304
1723852800,2024-08-17 00:00:00,DOGE/USD,0.10021,0.10358,0.10021,0.10265,606825.97,62290.6858205
1723766400,2024-08-16 00:00:00,DOGE/USD,0.10014,0.10204,0.09772,0.10043,409799.10,41156.123613
1723680000,2024-08-15 00:00:00,DOGE/USD,0.10263,0.10472,0.09860,0.10027,2066640.12,207222.0048324
1723593600,2024-08-14 00:00:00,DOGE/USD,0.10641,0.10693,0.10159,0.10253,1044090.88,107050.6379264
1723507200,2024-08-13 00:00:00,DOGE/USD,0.10781,0.10893,0.10373,0.10623,1073197.45,114005.7651135
1723420800,2024-08-12 00:00:00,DOGE/USD,0.10066,0.10839,0.10066,0.10839,2925032.86,317044.3116954
1723334400,2024-08-11 00:00:00,DOGE/USD,0.10589,0.11092,0.10025,0.10069,2791390.61,281065.1205209
1723248000,2024-08-10 00:00:00,DOGE/USD,0.10497,0.10572,0.10331,0.10529,1253731.62,132005.40226980002
1723161600,2024-08-09 00:00:00,DOGE/USD,0.10721,0.10768,0.10171,0.10379,3880935.24,402802.2685596
1723075200,2024-08-08 00:00:00,DOGE/USD,0.09596,0.10800,0.09450,0.10772,1553125.51,167302.6799372
1722988800,2024-08-07 00:00:00,DOGE/USD,0.09526,0.10300,0.09466,0.09547,1627909.75,155416.5438325
1722902400,2024-08-06 00:00:00,DOGE/USD,0.09432,0.10140,0.09432,0.09632,2490824.15,239916.182128
1722816000,2024-08-05 00:00:00,DOGE/USD,0.10381,0.10387,0.08071,0.09457,10185861.45,963276.9173264999
1722729600,2024-08-04 00:00:00,DOGE/USD,0.10787,0.10880,0.09909,0.10377,2624139.61,272306.9673297
1722643200,2024-08-03 00:00:00,DOGE/USD,0.11187,0.11443,0.10540,0.10812,1363586.73,147430.9972476
1722556800,2024-08-02 00:00:00,DOGE/USD,0.11933,0.11950,0.11028,0.11110,1338460.52,148702.96377200002
1722470400,2024-08-01 00:00:00,DOGE/USD,0.12238,0.12274,0.11256,0.11917,1771718.02,211135.6364434
1722384000,2024-07-31 00:00:00,DOGE/USD,0.12543,0.12708,0.12135,0.12191,906372.20,110495.834902
1722297600,2024-07-30 00:00:00,DOGE/USD,0.12878,0.13049,0.12340,0.12559,1359534.82,170743.97804380002
1722211200,2024-07-29 00:00:00,DOGE/USD,0.13047,0.13509,0.12786,0.12896,1966010.09,253536.6612064
1722124800,2024-07-28 00:00:00,DOGE/USD,0.13091,0.13150,0.12815,0.12967,760532.42,98618.23890140001
1722038400,2024-07-27 00:00:00,DOGE/USD,0.13366,0.13877,0.13084,0.13130,2505721.23,329001.197499
1721952000,2024-07-26 00:00:00,DOGE/USD,0.12578,0.13485,0.12578,0.13443,1805046.14,242652.35260019999
1721865600,2024-07-25 00:00:00,DOGE/USD,0.12798,0.12861,0.12025,0.12504,2579132.97,322494.78656880005
1721779200,2024-07-24 00:00:00,DOGE/USD,0.12974,0.13462,0.12719,0.12795,2246607.57,287453.43858149997
1721692800,2024-07-23 00:00:00,DOGE/USD,0.13804,0.13902,0.12830,0.13046,6283499.77,819745.3799941998
1721606400,2024-07-22 00:00:00,DOGE/USD,0.14043,0.14212,0.13587,0.13774,4396866.00,605624.32284
1721520000,2024-07-21 00:00:00,DOGE/USD,0.13400,0.14339,0.12600,0.14066,6236321.17,877200.9357722
1721433600,2024-07-20 00:00:00,DOGE/USD,0.12600,0.13540,0.12447,0.13436,2792192.29,375158.9560844
1721347200,2024-07-19 00:00:00,DOGE/USD,0.11946,0.12611,0.11801,0.12542,3080381.91,386341.4991522
1721260800,2024-07-18 00:00:00,DOGE/USD,0.12238,0.12391,0.11746,0.11983,1202712.50,144121.038875
1721174400,2024-07-17 00:00:00,DOGE/USD,0.12486,0.12761,0.12013,0.12187,2220215.01,270577.6032687
1721088000,2024-07-16 00:00:00,DOGE/USD,0.12560,0.13069,0.11917,0.12489,4143537.06,517486.3434234
1721001600,2024-07-15 00:00:00,DOGE/USD,0.11485,0.12542,0.11485,0.12523,1154815.65,144617.5638495
1720915200,2024-07-14 00:00:00,DOGE/USD,0.11243,0.11660,0.11177,0.11553,935155.64,108038.5310892
1720828800,2024-07-13 00:00:00,DOGE/USD,0.10783,0.11300,0.10750,0.11268,3090862.35,348278.369598
1720742400,2024-07-12 00:00:00,DOGE/USD,0.10683,0.10812,0.10512,0.10767,971689.41,104621.7987747
1720656000,2024-07-11 00:00:00,DOGE/USD,0.10799,0.11209,0.10633,0.10673,1863403.01,198881.0032573
1720569600,2024-07-10 00:00:00,DOGE/USD,0.10668,0.11050,0.10580,0.10800,1543337.59,166680.45972
1720483200,2024-07-09 00:00:00,DOGE/USD,0.10739,0.10923,0.10606,0.10756,1014036.30,109069.744428
1720396800,2024-07-08 00:00:00,DOGE/USD,0.10332,0.11080,0.09913,0.10785,492468.41,53112.718018499996
1720310400,2024-07-07 00:00:00,DOGE/USD,0.11340,0.11340,0.09047,0.10414,1521315.90,158429.83782599997
1720224000,2024-07-06 00:00:00,DOGE/USD,0.10627,0.11410,0.10496,0.11354,859639.32,97603.4483928
1720137600,2024-07-05 00:00:00,DOGE/USD,0.10360,0.10640,0.09173,0.10590,5366994.11,568364.676249
1720051200,2024-07-04 00:00:00,DOGE/USD,0.11895,0.11897,0.10382,0.10493,2964549.23,311070.15070389997
1719964800,2024-07-03 00:00:00,DOGE/USD,0.12510,0.12534,0.11692,0.11853,1289189.14,152807.5887642
1719878400,2024-07-02 00:00:00,DOGE/USD,0.12313,0.12521,0.12236,0.12492,610896.07,76313.1370644
1719792000,2024-07-01 00:00:00,DOGE/USD,0.12430,0.12730,0.12334,0.12343,651689.07,80437.98191009999
1719705600,2024-06-30 00:00:00,DOGE/USD,0.12173,0.12543,0.12042,0.12424,599688.75,74505.3303
1719619200,2024-06-29 00:00:00,DOGE/USD,0.12313,0.12415,0.12125,0.12163,982700.12,119525.8155956
1719532800,2024-06-28 00:00:00,DOGE/USD,0.12635,0.12803,0.12265,0.12278,1283843.54,157630.3098412
1719446400,2024-06-27 00:00:00,DOGE/USD,0.12268,0.12804,0.12057,0.12684,5845387.31,741428.9264004
1719360000,2024-06-26 00:00:00,DOGE/USD,0.12628,0.12823,0.12172,0.12255,2732236.21,334835.5475355
1719273600,2024-06-25 00:00:00,DOGE/USD,0.11927,0.12899,0.11877,0.12570,6845130.40,860432.8912800001
1719187200,2024-06-24 00:00:00,DOGE/USD,0.12247,0.12333,0.11383,0.11892,2986605.76,355167.15697919996
1719100800,2024-06-23 00:00:00,DOGE/USD,0.12409,0.12624,0.12109,0.12223,421170.10,51479.621323
1719014400,2024-06-22 00:00:00,DOGE/USD,0.12418,0.12546,0.12296,0.12378,763027.80,94447.581084
1718928000,2024-06-21 00:00:00,DOGE/USD,0.12442,0.12562,0.12158,0.12395,2253969.58,279379.529441
1718841600,2024-06-20 00:00:00,DOGE/USD,0.12185,0.12849,0.12140,0.12439,3327267.72,413878.8316908
1718755200,2024-06-19 00:00:00,DOGE/USD,0.12185,0.12645,0.12151,0.12210,1072916.89,131003.15226899998
1718668800,2024-06-18 00:00:00,DOGE/USD,0.12897,0.12909,0.11383,0.12219,5714721.50,698281.820085
1718582400,2024-06-17 00:00:00,DOGE/USD,0.13704,0.13804,0.12622,0.12887,3165342.48,407917.68539760006
1718496000,2024-06-16 00:00:00,DOGE/USD,0.13662,0.13727,0.13493,0.13679,802135.70,109724.14240299999
1718409600,2024-06-15 00:00:00,DOGE/USD,0.13485,0.13730,0.13422,0.13670,1741975.17,238128.00573899996
1718323200,2024-06-14 00:00:00,DOGE/USD,0.14146,0.14318,0.13189,0.13507,4653756.63,628582.9080140999
1718236800,2024-06-13 00:00:00,DOGE/USD,0.14579,0.14633,0.14006,0.14119,4108286.84,580049.0189396
1718150400,2024-06-12 00:00:00,DOGE/USD,0.13803,0.15049,0.13511,0.14600,5233924.29,764152.9463399999
1718064000,2024-06-11 00:00:00,DOGE/USD,0.14474,0.14504,0.13380,0.13807,3933000.60,543029.392842
1717977600,2024-06-10 00:00:00,DOGE/USD,0.14672,0.14787,0.14338,0.14472,1493596.14,216153.23338079997
1717891200,2024-06-09 00:00:00,DOGE/USD,0.14602,0.14904,0.14523,0.14695,546428.50,80297.668075
1717804800,2024-06-08 00:00:00,DOGE/USD,0.14759,0.14861,0.14374,0.14589,1529231.67,223099.60833629998
1717718400,2024-06-07 00:00:00,DOGE/USD,0.16043,0.16202,0.13898,0.14825,8441220.51,1251410.9406074998
1717632000,2024-06-06 00:00:00,DOGE/USD,0.16328,0.16560,0.15904,0.16043,2641287.31,423741.7231433
1717545600,2024-06-05 00:00:00,DOGE/USD,0.16169,0.16464,0.16150,0.16272,925384.57,150578.5772304
1717459200,2024-06-04 00:00:00,DOGE/USD,0.15831,0.16180,0.15695,0.16152,730134.13,117931.2646776
1717372800,2024-06-03 00:00:00,DOGE/USD,0.15710,0.16312,0.15636,0.15832,1699379.74,269045.8004368
1717286400,2024-06-02 00:00:00,DOGE/USD,0.16057,0.16113,0.15487,0.15730,446787.91,70279.738243
1717200000,2024-06-01 00:00:00,DOGE/USD,0.15930,0.16136,0.15834,0.16021,2475639.52,396622.20749919995
1717113600,2024-05-31 00:00:00,DOGE/USD,0.15916,0.16221,0.15472,0.15918,2729831.51,434534.57976179995
1717027200,2024-05-30 00:00:00,DOGE/USD,0.16418,0.16543,0.15663,0.15962,4510385.99,719947.8117238001
1716940800,2024-05-29 00:00:00,DOGE/USD,0.16480,0.17044,0.16229,0.16362,5113175.14,836617.7164067999
1716854400,2024-05-28 00:00:00,DOGE/USD,0.16787,0.16911,0.16149,0.16476,2620886.93,431817.3305868
1716768000,2024-05-27 00:00:00,DOGE/USD,0.16621,0.17302,0.16476,0.16902,4068401.98,687641.3026596
1716681600,2024-05-26 00:00:00,DOGE/USD,0.17422,0.17460,0.16554,0.16587,6641132.01,1101564.5664986998
1716595200,2024-05-25 00:00:00,DOGE/USD,0.16420,0.17421,0.16275,0.17372,6308152.58,1095852.2661976002
1716508800,2024-05-24 00:00:00,DOGE/USD,0.15917,0.17298,0.15579,0.16378,5888877.65,964480.3815170001
1716422400,2024-05-23 00:00:00,DOGE/USD,0.16641,0.16914,0.15203,0.15963,10058745.16,1605677.4898907999
1716336000,2024-05-22 00:00:00,DOGE/USD,0.17020,0.17450,0.16175,0.16633,6205698.70,1032193.8647710001
1716249600,2024-05-21 00:00:00,DOGE/USD,0.16564,0.17357,0.16068,0.17027,11178527.78,1903367.9251005999
1716163200,2024-05-20 00:00:00,DOGE/USD,0.14895,0.16589,0.14871,0.16572,5072636.99,840637.4019828001
1716076800,2024-05-19 00:00:00,DOGE/USD,0.15318,0.15580,0.14743,0.14913,1425669.66,212610.1163958
1715990400,2024-05-18 00:00:00,DOGE/USD,0.15520,0.15677,0.15140,0.15315,460141.54,70470.676851
1715904000,2024-05-17 00:00:00,DOGE/USD,0.14990,0.15654,0.14926,0.15598,1833427.20,285977.97465600003
1715817600,2024-05-16 00:00:00,DOGE/USD,0.15634,0.15923,0.14878,0.14972,4531163.56,678405.8082031999
1715731200,2024-05-15 00:00:00,DOGE/USD,0.14586,0.15667,0.14519,0.15554,4636020.49,721086.6270146001
1715644800,2024-05-14 00:00:00,DOGE/USD,0.14768,0.15502,0.14461,0.14540,10454296.32,1520054.684928
1715558400,2024-05-13 00:00:00,DOGE/USD,0.14115,0.15720,0.13582,0.14848,13831605.19,2053716.7386112
1715472000,2024-05-12 00:00:00,DOGE/USD,0.14353,0.14429,0.13975,0.14115,2549056.41,359799.3122715
1715385600,2024-05-11 00:00:00,DOGE/USD,0.14420,0.14611,0.14280,0.14281,1785072.62,254926.2208622
1715299200,2024-05-10 00:00:00,DOGE/USD,0.15161,0.15371,0.14240,0.14390,4219550.96,607193.383144
1715212800,2024-05-09 00:00:00,DOGE/USD,0.14346,0.15394,0.14345,0.15210,9734588.84,1480630.9625640002
1715126400,2024-05-08 00:00:00,DOGE/USD,0.15077,0.15166,0.14213,0.14333,5535055.61,793339.5205813001
1715040000,2024-05-07 00:00:00,DOGE/USD,0.15689,0.15982,0.14946,0.15013,2309675.22,346751.5407786001
1714953600,2024-05-06 00:00:00,DOGE/USD,0.16157,0.16896,0.15419,0.15658,3614776.24,566001.6636592001
1714867200,2024-05-05 00:00:00,DOGE/USD,0.16050,0.16346,0.15491,0.16053,4555914.01,731360.8760253
1714780800,2024-05-04 00:00:00,DOGE/USD,0.14687,0.16980,0.14687,0.16020,8340246.47,1336107.484494
1714694400,2024-05-03 00:00:00,DOGE/USD,0.13251,0.14741,0.13154,0.14603,2836093.26,414154.6987577999
1714608000,2024-05-02 00:00:00,DOGE/USD,0.13019,0.13425,0.12419,0.13206,2319229.52,306277.4504112
1714521600,2024-05-01 00:00:00,DOGE/USD,0.13338,0.13357,0.12000,0.13040,7509644.88,979257.6923519999
1714435200,2024-04-30 00:00:00,DOGE/USD,0.14317,0.14578,0.12920,0.13294,4609218.85,612749.553919
1714348800,2024-04-29 00:00:00,DOGE/USD,0.14722,0.14773,0.13989,0.14349,3207458.10,460238.16276900005
1714262400,2024-04-28 00:00:00,DOGE/USD,0.14777,0.15099,0.14674,0.14691,2096191.61,307951.50942510006
1714176000,2024-04-27 00:00:00,DOGE/USD,0.14809,0.14949,0.14271,0.14765,2284234.15,337267.1722475
1714089600,2024-04-26 00:00:00,DOGE/USD,0.15150,0.15179,0.14692,0.14770,1419357.59,209639.11604300002
1714003200,2024-04-25 00:00:00,DOGE/USD,0.15170,0.15398,0.14750,0.15146,2817826.56,426788.01077760005
1713916800,2024-04-24 00:00:00,DOGE/USD,0.16090,0.16439,0.14918,0.15127,7970071.33,1205632.6900890998
1713830400,2024-04-23 00:00:00,DOGE/USD,0.16126,0.16291,0.15694,0.15989,4105614.48,656446.6992072
1713744000,2024-04-22 00:00:00,DOGE/USD,0.15882,0.16300,0.15668,0.16112,3969933.52,639635.6887424
1713657600,2024-04-21 00:00:00,DOGE/USD,0.16249,0.16530,0.15530,0.15833,8949236.99,1416932.6926267
1713571200,2024-04-20 00:00:00,DOGE/USD,0.15586,0.16494,0.15082,0.16265,4646728.01,755790.3108265
1713484800,2024-04-19 00:00:00,DOGE/USD,0.15193,0.15711,0.13956,0.15600,10219152.83,1594187.84148
1713398400,2024-04-18 00:00:00,DOGE/USD,0.14726,0.15386,0.14112,0.15245,3512494.00,535479.7103
1713312000,2024-04-17 00:00:00,DOGE/USD,0.15578,0.15847,0.14453,0.14731,4034130.89,594267.8214059001
1713225600,2024-04-16 00:00:00,DOGE/USD,0.16106,0.16123,0.14650,0.15629,4035744.61,630746.5250969001
1713139200,2024-04-15 00:00:00,DOGE/USD,0.16134,0.16934,0.15060,0.16131,10848382.64,1749952.6036584002
1713052800,2024-04-14 00:00:00,DOGE/USD,0.15190,0.16492,0.14411,0.16240,12735310.30,2068214.39272
1712966400,2024-04-13 00:00:00,DOGE/USD,0.17361,0.17562,0.13000,0.15285,26621911.97,4069159.2446145
1712880000,2024-04-12 00:00:00,DOGE/USD,0.19472,0.20106,0.15875,0.17460,15316954.29,2674340.219034
1712793600,2024-04-11 00:00:00,DOGE/USD,0.19833,0.20330,0.18974,0.19393,5699620.00,1105327.3066
1712707200,2024-04-10 00:00:00,DOGE/USD,0.18977,0.20201,0.18017,0.20003,7851154.33,1570466.4006299002
1712620800,2024-04-09 00:00:00,DOGE/USD,0.20292,0.20340,0.18563,0.18913,10434745.87,1973523.4863930999
1712534400,2024-04-08 00:00:00,DOGE/USD,0.19873,0.20874,0.19578,0.20261,8454097.85,1712884.7653885
1712448000,2024-04-07 00:00:00,DOGE/USD,0.18641,0.21200,0.18641,0.19889,9916001.10,1972193.458779
1712361600,2024-04-06 00:00:00,DOGE/USD,0.17709,0.18793,0.17687,0.18599,2525969.66,469805.0970634
1712275200,2024-04-05 00:00:00,DOGE/USD,0.17892,0.18041,0.16762,0.17809,4852805.47,864236.1261522999
1712188800,2024-04-04 00:00:00,DOGE/USD,0.17510,0.18945,0.17244,0.17940,7077540.92,1269710.841048
1712102400,2024-04-03 00:00:00,DOGE/USD,0.18309,0.18726,0.17009,0.17618,9348838.57,1647078.3792626
1712016000,2024-04-02 00:00:00,DOGE/USD,0.20344,0.20501,0.18010,0.18217,8609481.74,1568389.2885758001
1711929600,2024-04-01 00:00:00,DOGE/USD,0.21987,0.21987,0.19745,0.20560,10737333.27,2207595.720312
1711843200,2024-03-31 00:00:00,DOGE/USD,0.19943,0.22397,0.19943,0.22010,8011229.24,1763271.5557239999
1711756800,2024-03-30 00:00:00,DOGE/USD,0.21297,0.21626,0.19668,0.19938,5466114.42,1089833.8930596
1711670400,2024-03-29 00:00:00,DOGE/USD,0.22048,0.22462,0.20768,0.21316,5038390.60,1073983.3402959998
1711584000,2024-03-28 00:00:00,DOGE/USD,0.18970,0.22851,0.18914,0.22024,20567362.98,4529756.0227152
1711497600,2024-03-27 00:00:00,DOGE/USD,0.18183,0.19102,0.17987,0.19008,11642821.70,2213067.548736
1711411200,2024-03-26 00:00:00,DOGE/USD,0.17499,0.18648,0.17433,0.18260,9058827.76,1654141.948976
1711324800,2024-03-25 00:00:00,DOGE/USD,0.17626,0.18656,0.17035,0.17539,10598467.84,1858865.2744576
1711238400,2024-03-24 00:00:00,DOGE/USD,0.16180,0.18173,0.16087,0.17655,19747034.07,3486338.8650585003
1711152000,2024-03-23 00:00:00,DOGE/USD,0.15291,0.17479,0.15177,0.16183,21734941.95,3517365.6557684997
1711065600,2024-03-22 00:00:00,DOGE/USD,0.15475,0.16500,0.14541,0.15293,15522821.74,2373905.1286982
1710979200,2024-03-21 00:00:00,DOGE/USD,0.15208,0.15989,0.14738,0.15520,17919768.46,2781148.0649920003
1710892800,2024-03-20 00:00:00,DOGE/USD,0.12863,0.15284,0.12285,0.15205,17713158.56,2693285.7590479995
1710806400,2024-03-19 00:00:00,DOGE/USD,0.14350,0.14433,0.12538,0.12874,7828657.32,1007861.3433768
1710720000,2024-03-18 00:00:00,DOGE/USD,0.15337,0.15337,0.14040,0.14423,2175894.02,313829.1945046
1710633600,2024-03-17 00:00:00,DOGE/USD,0.14397,0.15887,0.13718,0.15336,9008992.00,1381619.01312
1710547200,2024-03-16 00:00:00,DOGE/USD,0.16353,0.16515,0.13839,0.14250,7927991.62,1129738.80585
1710460800,2024-03-15 00:00:00,DOGE/USD,0.17840,0.18112,0.15129,0.16313,24329213.79,3968824.6455627
1710374400,2024-03-14 00:00:00,DOGE/USD,0.16928,0.19195,0.16496,0.17758,52519949.20,9326492.578936
1710288000,2024-03-13 00:00:00,DOGE/USD,0.16704,0.17401,0.16517,0.16884,3993510.02,674264.2317768
1710201600,2024-03-12 00:00:00,DOGE/USD,0.18198,0.18343,0.15518,0.16808,15000803.06,2521334.9783248003
1710115200,2024-03-11 00:00:00,DOGE/USD,0.17001,0.18369,0.16062,0.18198,17422006.44,3170456.7319512004
1710028800,2024-03-10 00:00:00,DOGE/USD,0.17902,0.17915,0.16607,0.17022,5545267.51,943915.4355522001
1709942400,2024-03-09 00:00:00,DOGE/USD,0.16507,0.18500,0.16390,0.17935,5291062.23,948952.0109505001
1709856000,2024-03-08 00:00:00,DOGE/USD,0.15784,0.17596,0.15652,0.16483,17167446.92,2829710.2758236006
1709769600,2024-03-07 00:00:00,DOGE/USD,0.15810,0.16236,0.14669,0.15791,15511165.78,2449368.1883198
1709683200,2024-03-06 00:00:00,DOGE/USD,0.15379,0.17930,0.14655,0.15796,30503308.65,4818302.634353999
1709596800,2024-03-05 00:00:00,DOGE/USD,0.18154,0.20572,0.12510,0.15337,53542037.58,8211742.3036446
1709510400,2024-03-04 00:00:00,DOGE/USD,0.15390,0.19289,0.14530,0.18297,39690343.72,7262142.1904484
1709424000,2024-03-03 00:00:00,DOGE/USD,0.14199,0.15617,0.12429,0.15400,21058962.24,3243080.1849599998
1709337600,2024-03-02 00:00:00,DOGE/USD,0.13842,0.15075,0.13617,0.14198,13231820.39,1878653.8589722
1709251200,2024-03-01 00:00:00,DOGE/USD,0.11719,0.14560,0.11719,0.14000,21073890.60,2950344.6840000004
1709164800,2024-02-29 00:00:00,DOGE/USD,0.11602,0.14000,0.11158,0.11699,40174893.38,4700060.776526201
1709078400,2024-02-28 00:00:00,DOGE/USD,0.09759,0.12267,0.08101,0.11620,23796414.54,2765143.369548
1708992000,2024-02-27 00:00:00,DOGE/USD,0.08890,0.10276,0.08859,0.09759,12409704.85,1211063.0963114998
1708905600,2024-02-26 00:00:00,DOGE/USD,0.08613,0.09023,0.08431,0.08975,3193927.78,286655.01825499994
1708819200,2024-02-25 00:00:00,DOGE/USD,0.08589,0.08676,0.08558,0.08620,777180.81,66992.985822
1708732800,2024-02-24 00:00:00,DOGE/USD,0.08444,0.08635,0.08415,0.08610,530951.49,45714.923289
1708646400,2024-02-23 00:00:00,DOGE/USD,0.08442,0.08543,0.08304,0.08440,803710.99,67833.20755600001
1708560000,2024-02-22 00:00:00,DOGE/USD,0.08444,0.08544,0.08383,0.08421,564300.07,47519.708894699994
1708473600,2024-02-21 00:00:00,DOGE/USD,0.08529,0.08576,0.08200,0.08440,901383.84,76076.796096
1708387200,2024-02-20 00:00:00,DOGE/USD,0.08940,0.09142,0.08254,0.08641,2470025.61,213434.9129601
1708300800,2024-02-19 00:00:00,DOGE/USD,0.08518,0.09116,0.08518,0.08955,2077285.75,186020.93891250002
1708214400,2024-02-18 00:00:00,DOGE/USD,0.08330,0.08563,0.08323,0.08547,671022.68,57352.308459600004
1708128000,2024-02-17 00:00:00,DOGE/USD,0.08593,0.08603,0.08200,0.08353,258762.54,21614.4349662
1708041600,2024-02-16 00:00:00,DOGE/USD,0.08581,0.08798,0.08261,0.08609,1183321.89,101872.1815101
1707955200,2024-02-15 00:00:00,DOGE/USD,0.08576,0.08780,0.08400,0.08488,780433.71,66243.2133048
1707868800,2024-02-14 00:00:00,DOGE/USD,0.08069,0.08682,0.08069,0.08549,2296586.31,196335.1636419
1707782400,2024-02-13 00:00:00,DOGE/USD,0.08267,0.08295,0.07989,0.08132,1106674.87,89994.80042840002
1707696000,2024-02-12 00:00:00,DOGE/USD,0.08113,0.08284,0.07963,0.08199,1041528.80,85394.946312
1707609600,2024-02-11 00:00:00,DOGE/USD,0.08134,0.08336,0.08088,0.08112,2547052.46,206616.8955552
1707523200,2024-02-10 00:00:00,DOGE/USD,0.08166,0.08203,0.08063,0.08167,862496.59,70440.0965053
1707436800,2024-02-09 00:00:00,DOGE/USD,0.08010,0.08212,0.08010,0.08155,828532.64,67566.836792
1707350400,2024-02-08 00:00:00,DOGE/USD,0.08000,0.08052,0.07984,0.07989,226973.58,18132.9193062
1707264000,2024-02-07 00:00:00,DOGE/USD,0.07846,0.08005,0.07835,0.08001,1393063.62,111459.02023620001
1707177600,2024-02-06 00:00:00,DOGE/USD,0.07831,0.07920,0.07771,0.07904,160108.73,12654.994019200001
1707091200,2024-02-05 00:00:00,DOGE/USD,0.07807,0.08016,0.07750,0.07825,910453.84,71243.01298
1707004800,2024-02-04 00:00:00,DOGE/USD,0.07850,0.07912,0.07807,0.07826,196770.60,15399.267156
1706918400,2024-02-03 00:00:00,DOGE/USD,0.07906,0.07942,0.07862,0.07862,47958.56,3770.5019872
1706832000,2024-02-02 00:00:00,DOGE/USD,0.07944,0.07988,0.07875,0.07923,221045.73,17513.4531879
1706745600,2024-02-01 00:00:00,DOGE/USD,0.07800,0.07964,0.07755,0.07932,675466.79,53578.0257828
1706659200,2024-01-31 00:00:00,DOGE/USD,0.07948,0.07981,0.07820,0.07857,681182.04,53520.4728828
1706572800,2024-01-30 00:00:00,DOGE/USD,0.08134,0.08192,0.08004,0.08004,1685639.27,134918.5671708
1706486400,2024-01-29 00:00:00,DOGE/USD,0.07905,0.08295,0.07855,0.08123,2764527.51,224562.56963729998
1706400000,2024-01-28 00:00:00,DOGE/USD,0.08037,0.08125,0.07865,0.07869,608012.98,47844.541396199995
1706313600,2024-01-27 00:00:00,DOGE/USD,0.07904,0.08040,0.07904,0.08011,281272.67,22532.7535937
1706227200,2024-01-26 00:00:00,DOGE/USD,0.07767,0.08014,0.07766,0.07968,421729.84,33603.4336512
1706140800,2024-01-25 00:00:00,DOGE/USD,0.07812,0.07848,0.07714,0.07787,236514.62,18417.3934594
1706054400,2024-01-24 00:00:00,DOGE/USD,0.07814,0.07978,0.07808,0.07820,453445.25,35459.41855
1705968000,2024-01-23 00:00:00,DOGE/USD,0.08054,0.08176,0.07598,0.07676,1018230.57,78159.37855319999
1705881600,2024-01-22 00:00:00,DOGE/USD,0.08522,0.08528,0.08028,0.08037,942101.12,75716.6670144
1705795200,2024-01-21 00:00:00,DOGE/USD,0.08980,0.09115,0.08475,0.08523,3769373.50,321263.703405
1705708800,2024-01-20 00:00:00,DOGE/USD,0.07835,0.09827,0.07825,0.08865,6305870.27,559015.3994355
1705622400,2024-01-19 00:00:00,DOGE/USD,0.07723,0.07834,0.07490,0.07828,354215.11,27727.9588108
1705536000,2024-01-18 00:00:00,DOGE/USD,0.08035,0.08060,0.07696,0.07794,241522.45,18824.259753
1705449600,2024-01-17 00:00:00,DOGE/USD,0.08137,0.08139,0.07973,0.08038,457275.14,36755.775753199996
1705363200,2024-01-16 00:00:00,DOGE/USD,0.08143,0.08250,0.07986,0.08151,457343.05,37278.0320055
1705276800,2024-01-15 00:00:00,DOGE/USD,0.08100,0.08138,0.08004,0.08005,149322.70,11953.282135
1705190400,2024-01-14 00:00:00,DOGE/USD,0.08136,0.08384,0.07973,0.07973,817575.70,65185.31056099999
1705104000,2024-01-13 00:00:00,DOGE/USD,0.08034,0.08117,0.07911,0.08094,327993.19,26547.7687986
1705017600,2024-01-12 00:00:00,DOGE/USD,0.08411,0.08536,0.07800,0.07984,3532138.87,282005.9673808
1704931200,2024-01-11 00:00:00,DOGE/USD,0.08285,0.08800,0.08251,0.08435,4505914.25,380073.8669875
1704844800,2024-01-10 00:00:00,DOGE/USD,0.07934,0.08475,0.07648,0.08285,4415433.15,365818.6364775
1704758400,2024-01-09 00:00:00,DOGE/USD,0.08016,0.08368,0.07695,0.07919,10018965.64,793401.8890316
1704672000,2024-01-08 00:00:00,DOGE/USD,0.07788,0.08122,0.07421,0.08118,4889583.74,396936.40801320004
1704585600,2024-01-07 00:00:00,DOGE/USD,0.08052,0.08142,0.07709,0.07757,2050125.55,159028.2389135
1704499200,2024-01-06 00:00:00,DOGE/USD,0.08259,0.08259,0.07857,0.08061,711008.18,57314.369389800006
1704412800,2024-01-05 00:00:00,DOGE/USD,0.08430,0.08448,0.08066,0.08266,3228008.92,266827.2173272
1704326400,2024-01-04 00:00:00,DOGE/USD,0.08382,0.08459,0.08126,0.08411,973591.84,81888.8096624
1704240000,2024-01-03 00:00:00,DOGE/USD,0.09178,0.09196,0.07807,0.08191,9456139.35,774552.3741585
1704153600,2024-01-02 00:00:00,DOGE/USD,0.09270,0.09438,0.09055,0.09108,3327268.76,303047.63866079994
1704067200,2024-01-01 00:00:00,DOGE/USD,0.08971,0.09196,0.08905,0.09168,832860.53,76356.6533904
1703980800,2023-12-31 00:00:00,DOGE/USD,0.08998,0.09063,0.08814,0.08940,530436.55,47421.02757
1703894400,2023-12-30 00:00:00,DOGE/USD,0.09127,0.09127,0.08970,0.09014,886524.02,79911.2751628
1703808000,2023-12-29 00:00:00,DOGE/USD,0.09166,0.09286,0.08934,0.09060,2051162.25,185835.29985
1703721600,2023-12-28 00:00:00,DOGE/USD,0.09375,0.09486,0.09126,0.09213,2385953.92,219817.9346496
1703635200,2023-12-27 00:00:00,DOGE/USD,0.09188,0.09383,0.09188,0.09355,1658569.29,155159.1570795
1703548800,2023-12-26 00:00:00,DOGE/USD,0.09400,0.09400,0.08733,0.09134,3666312.99,334881.02850660007
1703462400,2023-12-25 00:00:00,DOGE/USD,0.09165,0.09484,0.09153,0.09456,2899228.59,274151.0554704
1703376000,2023-12-24 00:00:00,DOGE/USD,0.09388,0.09476,0.09085,0.09171,2432248.00,223061.46408
1703289600,2023-12-23 00:00:00,DOGE/USD,0.09400,0.09413,0.09261,0.09293,1556719.49,144665.9422057
1703203200,2023-12-22 00:00:00,DOGE/USD,0.09490,0.09602,0.09236,0.09513,2157244.50,205218.669285
1703116800,2023-12-21 00:00:00,DOGE/USD,0.09129,0.09770,0.09097,0.09500,4713227.95,447756.65525
1703030400,2023-12-20 00:00:00,DOGE/USD,0.09047,0.09353,0.08958,0.09120,4983227.63,454470.359856
1702944000,2023-12-19 00:00:00,DOGE/USD,0.09212,0.09322,0.09000,0.09010,6533114.48,588633.614648
1702857600,2023-12-18 00:00:00,DOGE/USD,0.09229,0.09229,0.08672,0.09189,6381558.26,586401.3885114
1702771200,2023-12-17 00:00:00,DOGE/USD,0.09637,0.09650,0.09290,0.09290,676416.41,62839.084489
1702684800,2023-12-16 00:00:00,DOGE/USD,0.09179,0.09681,0.09179,0.09681,605545.88,58622.8966428
1702598400,2023-12-15 00:00:00,DOGE/USD,0.09828,0.09870,0.09268,0.09291,3575730.42,332221.1133222
1702512000,2023-12-14 00:00:00,DOGE/USD,0.09632,0.09866,0.09472,0.09843,4263944.77,419700.0837111
1702425600,2023-12-13 00:00:00,DOGE/USD,0.09402,0.09766,0.09010,0.09698,6849951.38,664308.2848323999
1702339200,2023-12-12 00:00:00,DOGE/USD,0.09425,0.09774,0.09132,0.09382,7627879.16,715647.6227912001
1702252800,2023-12-11 00:00:00,DOGE/USD,0.10197,0.10711,0.09099,0.09428,9234687.18,870646.3073304
1702166400,2023-12-10 00:00:00,DOGE/USD,0.09878,0.10259,0.09700,0.10156,4599549.02,467130.19847119995
1702080000,2023-12-09 00:00:00,DOGE/USD,0.10200,0.10480,0.09775,0.09834,6814824.25,670169.816745
1701993600,2023-12-08 00:00:00,DOGE/USD,0.09600,0.10350,0.09595,0.10115,5948074.44,601647.729606
1701907200,2023-12-07 00:00:00,DOGE/USD,0.09532,0.09801,0.09302,0.09564,9098286.28,870160.0998192
1701820800,2023-12-06 00:00:00,DOGE/USD,0.09431,0.10605,0.09354,0.09472,22135183.58,2096644.5886975997
1701734400,2023-12-05 00:00:00,DOGE/USD,0.09169,0.09574,0.08762,0.09442,10472032.55,988769.3133710001
1701648000,2023-12-04 00:00:00,DOGE/USD,0.08580,0.09200,0.08540,0.09188,10436835.26,958936.4236888
1701561600,2023-12-03 00:00:00,DOGE/USD,0.08606,0.08727,0.08382,0.08576,3293832.12,282479.0426112
1701475200,2023-12-02 00:00:00,DOGE/USD,0.08398,0.08634,0.08333,0.08629,2432702.37,209917.8875073
1701388800,2023-12-01 00:00:00,DOGE/USD,0.08284,0.08767,0.08247,0.08400,3612456.62,303446.35608000006
1701302400,2023-11-30 00:00:00,DOGE/USD,0.08069,0.08431,0.08066,0.08334,4366775.31,363927.05433539994
1701216000,2023-11-29 00:00:00,DOGE/USD,0.08115,0.08300,0.07994,0.08062,2373589.51,191358.78629619998
1701129600,2023-11-28 00:00:00,DOGE/USD,0.07907,0.08113,0.07703,0.08113,1053957.31,85507.5565603
1701043200,2023-11-27 00:00:00,DOGE/USD,0.07864,0.08154,0.07703,0.07800,2939789.83,229303.60674000002
1700956800,2023-11-26 00:00:00,DOGE/USD,0.07897,0.07911,0.07612,0.07865,887108.55,69771.0874575
1700870400,2023-11-25 00:00:00,DOGE/USD,0.07831,0.07926,0.07780,0.07896,412487.53,32570.015368800003
1700784000,2023-11-24 00:00:00,DOGE/USD,0.07634,0.07858,0.07634,0.07845,1767692.69,138675.4915305
1700697600,2023-11-23 00:00:00,DOGE/USD,0.07559,0.07649,0.07513,0.07627,380750.92,29039.8726684
1700611200,2023-11-22 00:00:00,DOGE/USD,0.07162,0.07665,0.07162,0.07569,1843335.77,139522.0844313
1700524800,2023-11-21 00:00:00,DOGE/USD,0.07777,0.07841,0.07098,0.07220,7257433.79,523986.719638
1700438400,2023-11-20 00:00:00,DOGE/USD,0.08040,0.08156,0.07690,0.07775,5297550.68,411884.56536999997
1700352000,2023-11-19 00:00:00,DOGE/USD,0.08023,0.08174,0.07797,0.08054,5114028.30,411883.839282
1700265600,2023-11-18 00:00:00,DOGE/USD,0.08586,0.08664,0.07960,0.08022,1703117.83,136624.1123226
1700179200,2023-11-17 00:00:00,DOGE/USD,0.07941,0.08861,0.07923,0.08655,5029284.01,435284.5310655
1700092800,2023-11-16 00:00:00,DOGE/USD,0.07611,0.08318,0.07611,0.07833,7748529.83,606942.3415839
1700006400,2023-11-15 00:00:00,DOGE/USD,0.07240,0.07626,0.07235,0.07599,1725612.63,131129.3037537
1699920000,2023-11-14 00:00:00,DOGE/USD,0.07467,0.07550,0.06910,0.07246,2615264.06,189502.0337876
1699833600,2023-11-13 00:00:00,DOGE/USD,0.07801,0.07950,0.07389,0.07465,3140240.14,234418.92645099998
1699747200,2023-11-12 00:00:00,DOGE/USD,0.07859,0.08031,0.07527,0.07772,1998243.33,155303.4716076
1699660800,2023-11-11 00:00:00,DOGE/USD,0.07639,0.08187,0.07466,0.07855,6354807.14,499170.10084699997
1699574400,2023-11-10 00:00:00,DOGE/USD,0.07379,0.07569,0.07264,0.07556,739209.40,55854.662264000006
1699488000,2023-11-09 00:00:00,DOGE/USD,0.07490,0.07910,0.06767,0.07363,3605945.99,265505.8032437
1699401600,2023-11-08 00:00:00,DOGE/USD,0.07291,0.07713,0.07291,0.07545,2835735.25,213956.2246125
1699315200,2023-11-07 00:00:00,DOGE/USD,0.07629,0.07629,0.07165,0.07354,3708542.62,272726.2242748
1699228800,2023-11-06 00:00:00,DOGE/USD,0.07118,0.07632,0.07049,0.07619,5706096.95,434747.52662049996
1699142400,2023-11-05 00:00:00,DOGE/USD,0.06922,0.07155,0.06902,0.07125,466078.93,33208.1237625
1699056000,2023-11-04 00:00:00,DOGE/USD,0.06827,0.06928,0.06804,0.06916,144681.99,10006.206428399999
1698969600,2023-11-03 00:00:00,DOGE/USD,0.06787,0.06830,0.06635,0.06811,506369.23,34488.8082553
1698883200,2023-11-02 00:00:00,DOGE/USD,0.06895,0.07091,0.06668,0.06782,1768283.63,119924.9957866
1698796800,2023-11-01 00:00:00,DOGE/USD,0.06835,0.06982,0.06610,0.06876,2499908.10,171893.680956
1698710400,2023-10-31 00:00:00,DOGE/USD,0.06951,0.07053,0.06600,0.06822,941436.59,64224.8041698
1698624000,2023-10-30 00:00:00,DOGE/USD,0.06926,0.07028,0.06812,0.06958,363954.60,25323.961068
1698537600,2023-10-29 00:00:00,DOGE/USD,0.06899,0.07005,0.06767,0.06957,192366.31,13382.924186700002
1698451200,2023-10-28 00:00:00,DOGE/USD,0.06788,0.06961,0.06769,0.06891,346052.70,23846.491557
1698364800,2023-10-27 00:00:00,DOGE/USD,0.07168,0.07233,0.06727,0.06790,4792540.74,325413.516246
1698278400,2023-10-26 00:00:00,DOGE/USD,0.06825,0.07538,0.06794,0.07195,4408070.57,317160.6775115
1698192000,2023-10-25 00:00:00,DOGE/USD,0.06641,0.06960,0.06480,0.06838,1491729.25,102004.446115
1698105600,2023-10-24 00:00:00,DOGE/USD,0.06771,0.06997,0.06422,0.06648,10413167.20,692267.355456
1698019200,2023-10-23 00:00:00,DOGE/USD,0.06178,0.06776,0.06178,0.06744,3296069.10,222286.900104
1697932800,2023-10-22 00:00:00,DOGE/USD,0.06118,0.06193,0.06055,0.06193,217100.07,13445.007335100001
1697846400,2023-10-21 00:00:00,DOGE/USD,0.05998,0.06146,0.05961,0.06123,473188.46,28973.329405800003
1697760000,2023-10-20 00:00:00,DOGE/USD,0.05880,0.06038,0.05880,0.06007,285985.88,17179.1718116
1697673600,2023-10-19 00:00:00,DOGE/USD,0.05864,0.05886,0.05760,0.05886,56118.44,3303.1313784000004
1697587200,2023-10-18 00:00:00,DOGE/USD,0.05907,0.05919,0.05845,0.05873,258714.02,15194.2743946
1697500800,2023-10-17 00:00:00,DOGE/USD,0.06035,0.06035,0.05889,0.05908,416994.16,24636.0149728
1697414400,2023-10-16 00:00:00,DOGE/USD,0.05946,0.06143,0.05934,0.06030,172150.70,10380.68721
1697328000,2023-10-15 00:00:00,DOGE/USD,0.05978,0.05978,0.05903,0.05956,31797.67,1893.8692251999998
1697241600,2023-10-14 00:00:00,DOGE/USD,0.05844,0.05962,0.05844,0.05959,42265.39,2518.5945901
1697155200,2023-10-13 00:00:00,DOGE/USD,0.05775,0.05897,0.05775,0.05831,312230.95,18206.1866945
1697068800,2023-10-12 00:00:00,DOGE/USD,0.05842,0.05842,0.05725,0.05775,168663.64,9740.32521
1696982400,2023-10-11 00:00:00,DOGE/USD,0.05920,0.05920,0.05783,0.05839,302170.18,17643.7168102
1696896000,2023-10-10 00:00:00,DOGE/USD,0.05865,0.05920,0.05858,0.05917,295187.20,17466.226624
1696809600,2023-10-09 00:00:00,DOGE/USD,0.06082,0.06102,0.05698,0.05877,829017.47,48721.3567119
1696723200,2023-10-08 00:00:00,DOGE/USD,0.06134,0.06134,0.06089,0.06100,29639.32,1807.9985199999999
1696636800,2023-10-07 00:00:00,DOGE/USD,0.06155,0.06174,0.06113,0.06134,65979.00,4047.15186
1696550400,2023-10-06 00:00:00,DOGE/USD,0.06107,0.06164,0.06098,0.06141,57476.66,3529.6416906000004
1696464000,2023-10-05 00:00:00,DOGE/USD,0.06158,0.06158,0.06081,0.06126,49229.39,3015.7924314
1696377600,2023-10-04 00:00:00,DOGE/USD,0.06110,0.06144,0.06007,0.06144,232943.12,14312.0252928
1696291200,2023-10-03 00:00:00,DOGE/USD,0.06192,0.06230,0.06122,0.06145,112697.98,6925.290870999999
1696204800,2023-10-02 00:00:00,DOGE/USD,0.06306,0.06421,0.06090,0.06202,838256.84,51988.6892168
1696118400,2023-10-01 00:00:00,DOGE/USD,0.06203,0.06358,0.06194,0.06322,227856.74,14405.1031028
1696032000,2023-09-30 00:00:00,DOGE/USD,0.06223,0.06269,0.06115,0.06212,20743054.39,1288558.5387068
1695945600,2023-09-29 00:00:00,DOGE/USD,0.06148,0.06229,0.06148,0.06225,452597.87,28174.2174075
1695859200,2023-09-28 00:00:00,DOGE/USD,0.06064,0.06152,0.06045,0.06149,135282.11,8318.4969439
1695772800,2023-09-27 00:00:00,DOGE/USD,0.06065,0.06137,0.06021,0.06041,573925.03,34670.8110623
1695686400,2023-09-26 00:00:00,DOGE/USD,0.06089,0.06111,0.05939,0.06044,768837.78,46468.5554232
1695600000,2023-09-25 00:00:00,DOGE/USD,0.06062,0.06114,0.06026,0.06095,85665.93,5221.338433499999
1695513600,2023-09-24 00:00:00,DOGE/USD,0.06148,0.06167,0.06069,0.06070,353725.98,21471.166985999997
1695427200,2023-09-23 00:00:00,DOGE/USD,0.06155,0.06184,0.06136,0.06147,136061.47,8363.6985609
1695340800,2023-09-22 00:00:00,DOGE/USD,0.06131,0.06186,0.06067,0.06152,864825.16,53204.0438432
1695254400,2023-09-21 00:00:00,DOGE/USD,0.06252,0.06345,0.06119,0.06136,955078.36,58603.6081696
1695168000,2023-09-20 00:00:00,DOGE/USD,0.06262,0.06288,0.06180,0.06257,211975.82,13263.3270574
1695081600,2023-09-19 00:00:00,DOGE/USD,0.06215,0.06303,0.06198,0.06272,300727.13,18861.6055936
1694995200,2023-09-18 00:00:00,DOGE/USD,0.06149,0.06279,0.06116,0.06203,718169.77,44548.070833100006
1694908800,2023-09-17 00:00:00,DOGE/USD,0.06210,0.06251,0.06100,0.06153,526768.87,32412.0885711
1694822400,2023-09-16 00:00:00,DOGE/USD,0.06245,0.06287,0.06186,0.06202,284243.72,17628.795514399997
1694736000,2023-09-15 00:00:00,DOGE/USD,0.06215,0.06285,0.06141,0.06257,202520.46,12671.7051822
1694649600,2023-09-14 00:00:00,DOGE/USD,0.06141,0.06256,0.06116,0.06203,674483.78,41838.2288734
1694563200,2023-09-13 00:00:00,DOGE/USD,0.06105,0.06172,0.06059,0.06129,453269.75,27780.902977499998
1694476800,2023-09-12 00:00:00,DOGE/USD,0.06076,0.06232,0.06060,0.06127,1631385.10,99954.965077
1694390400,2023-09-11 00:00:00,DOGE/USD,0.06127,0.06184,0.05939,0.06045,766151.93,46313.8841685
1694304000,2023-09-10 00:00:00,DOGE/USD,0.06327,0.06327,0.05941,0.06129,1463390.09,89691.1786161
1694217600,2023-09-09 00:00:00,DOGE/USD,0.06359,0.06390,0.06325,0.06339,213970.48,13563.588727200002
1694131200,2023-09-08 00:00:00,DOGE/USD,0.06384,0.06386,0.06250,0.06359,278772.20,17727.124197999998
1694044800,2023-09-07 00:00:00,DOGE/USD,0.06366,0.06378,0.06282,0.06349,1165688.60,74009.56921400002
1693958400,2023-09-06 00:00:00,DOGE/USD,0.06415,0.06447,0.06256,0.06360,1609279.26,102350.160936
1693872000,2023-09-05 00:00:00,DOGE/USD,0.06319,0.06420,0.06297,0.06397,1444159.66,92382.89345019999
1693785600,2023-09-04 00:00:00,DOGE/USD,0.06322,0.06368,0.06232,0.06286,1459976.29,91774.1095894
1693699200,2023-09-03 00:00:00,DOGE/USD,0.06342,0.06371,0.06280,0.06317,1100171.66,69497.8437622
1693612800,2023-09-02 00:00:00,DOGE/USD,0.06395,0.06488,0.06284,0.06352,3910143.69,248372.32718879997
1693526400,2023-09-01 00:00:00,DOGE/USD,0.06392,0.06425,0.06250,0.06384,2241041.94,143068.1174496
1693440000,2023-08-31 00:00:00,DOGE/USD,0.06575,0.06698,0.06284,0.06395,7723878.35,493942.0204825
1693353600,2023-08-30 00:00:00,DOGE/USD,0.06637,0.06638,0.06448,0.06583,3346084.63,220272.7511929
1693267200,2023-08-29 00:00:00,DOGE/USD,0.06348,0.06853,0.06248,0.06630,17592855.45,1166406.3163349999
1693180800,2023-08-28 00:00:00,DOGE/USD,0.06310,0.06358,0.06182,0.06356,1711629.06,108791.14305360001
1693094400,2023-08-27 00:00:00,DOGE/USD,0.06280,0.06374,0.06274,0.06310,494439.94,31199.160214000003
1693008000,2023-08-26 00:00:00,DOGE/USD,0.06311,0.06325,0.06269,0.06280,305095.76,19160.013727999998
1692921600,2023-08-25 00:00:00,DOGE/USD,0.06289,0.06308,0.06182,0.06308,456225.68,28778.715894399997
1692835200,2023-08-24 00:00:00,DOGE/USD,0.06385,0.06391,0.06208,0.06301,1581053.24,99622.1646524
1692748800,2023-08-23 00:00:00,DOGE/USD,0.06252,0.06571,0.06250,0.06372,4344627.35,276839.654742
1692662400,2023-08-22 00:00:00,DOGE/USD,0.06255,0.06328,0.06048,0.06253,4144111.75,259131.3077275
1692576000,2023-08-21 00:00:00,DOGE/USD,0.06380,0.06401,0.06050,0.06255,2450241.54,153262.608327
1692489600,2023-08-20 00:00:00,DOGE/USD,0.06389,0.06474,0.06348,0.06376,1210957.75,77210.66614
1692403200,2023-08-19 00:00:00,DOGE/USD,0.06355,0.06442,0.06315,0.06378,1237149.91,78905.4212598
1692316800,2023-08-18 00:00:00,DOGE/USD,0.06109,0.06394,0.06004,0.06330,7107355.74,449895.618342
1692230400,2023-08-17 00:00:00,DOGE/USD,0.06645,0.06803,0.05687,0.06114,14534297.35,888626.939979
1692144000,2023-08-16 00:00:00,DOGE/USD,0.07108,0.07109,0.06612,0.06711,7980584.06,535576.9962666
1692057600,2023-08-15 00:00:00,DOGE/USD,0.07462,0.07485,0.06832,0.07076,9942931.64,703561.8428464001
1691971200,2023-08-14 00:00:00,DOGE/USD,0.07463,0.07688,0.07365,0.07406,1591246.07,117847.6839442
1691884800,2023-08-13 00:00:00,DOGE/USD,0.07674,0.07674,0.07428,0.07477,3816054.23,285326.3747771
1691798400,2023-08-12 00:00:00,DOGE/USD,0.07581,0.07730,0.07579,0.07688,1824248.26,140248.2062288
1691712000,2023-08-11 00:00:00,DOGE/USD,0.07578,0.07617,0.07521,0.07575,1157200.03,87657.9022725
1691625600,2023-08-10 00:00:00,DOGE/USD,0.07528,0.07680,0.07508,0.07578,4416369.52,334672.4822256
1691539200,2023-08-09 00:00:00,DOGE/USD,0.07484,0.07615,0.07415,0.07532,2409120.71,181454.9718772
1691452800,2023-08-08 00:00:00,DOGE/USD,0.07337,0.07540,0.07318,0.07499,3072639.38,230417.2271062
1691366400,2023-08-07 00:00:00,DOGE/USD,0.07416,0.07565,0.07161,0.07322,2748646.87,201255.92382139998
1691280000,2023-08-06 00:00:00,DOGE/USD,0.07597,0.07630,0.07413,0.07422,859479.35,63790.55735699999
1691193600,2023-08-05 00:00:00,DOGE/USD,0.07319,0.07671,0.07317,0.07588,1010625.17,76686.2378996
1691107200,2023-08-04 00:00:00,DOGE/USD,0.07387,0.07512,0.07259,0.07350,2593190.59,190599.508365
1691020800,2023-08-03 00:00:00,DOGE/USD,0.07408,0.07495,0.07274,0.07378,2169660.70,160077.566446
1690934400,2023-08-02 00:00:00,DOGE/USD,0.07810,0.07816,0.07380,0.07416,2306803.06,171072.5149296
1690848000,2023-08-01 00:00:00,DOGE/USD,0.07776,0.07803,0.07540,0.07782,2099773.33,163404.3605406
1690761600,2023-07-31 00:00:00,DOGE/USD,0.07782,0.07985,0.07699,0.07780,1027082.60,79907.02627999999
1690675200,2023-07-30 00:00:00,DOGE/USD,0.08035,0.08080,0.07670,0.07807,3366456.32,262819.2449024
1690588800,2023-07-29 00:00:00,DOGE/USD,0.07751,0.08231,0.07720,0.08020,3293364.45,264127.82889
1690502400,2023-07-28 00:00:00,DOGE/USD,0.07752,0.07779,0.07600,0.07720,1942334.61,149948.231892
1690416000,2023-07-27 00:00:00,DOGE/USD,0.07767,0.07980,0.07684,0.07752,4553745.24,353006.33100480004
1690329600,2023-07-26 00:00:00,DOGE/USD,0.08217,0.08223,0.07659,0.07823,7753657.38,606568.6168373999
1690243200,2023-07-25 00:00:00,DOGE/USD,0.07395,0.08367,0.07395,0.08173,19967325.52,1631929.5147495999
1690156800,2023-07-24 00:00:00,DOGE/USD,0.07195,0.07793,0.07063,0.07467,26422003.18,1972930.9774506
1690070400,2023-07-23 00:00:00,DOGE/USD,0.07047,0.07285,0.06992,0.07186,1981119.55,142363.250863
1689984000,2023-07-22 00:00:00,DOGE/USD,0.07316,0.07317,0.06977,0.07037,2592769.57,182453.19464089998
1689897600,2023-07-21 00:00:00,DOGE/USD,0.07065,0.09490,0.07044,0.07330,6743553.46,494302.46861800004
1689811200,2023-07-20 00:00:00,DOGE/USD,0.07008,0.07375,0.06944,0.07049,5480579.74,386326.0658726
1689724800,2023-07-19 00:00:00,DOGE/USD,0.06860,0.07202,0.06854,0.07003,4734433.39,331552.37030169996
1689638400,2023-07-18 00:00:00,DOGE/USD,0.07009,0.07036,0.06730,0.06843,15458461.96,1057822.5519228
1689552000,2023-07-17 00:00:00,DOGE/USD,0.06940,0.07317,0.06791,0.07004,6475947.53,453575.36500120006
1689465600,2023-07-16 00:00:00,DOGE/USD,0.07226,0.07226,0.06901,0.06963,4067929.18,283249.9088034
1689379200,2023-07-15 00:00:00,DOGE/USD,0.06805,0.07511,0.06801,0.07198,11888951.12,855766.7016175999
1689292800,2023-07-14 00:00:00,DOGE/USD,0.07056,0.07285,0.06635,0.06856,13488730.98,924787.3959888
1689206400,2023-07-13 00:00:00,DOGE/USD,0.06493,0.07151,0.06467,0.07016,6950541.61,487649.9993576
1689120000,2023-07-12 00:00:00,DOGE/USD,0.06537,0.06566,0.06377,0.06509,1988168.72,129409.90198479999
1689033600,2023-07-11 00:00:00,DOGE/USD,0.06519,0.06551,0.06450,0.06538,933196.51,61012.387823799996
1688947200,2023-07-10 00:00:00,DOGE/USD,0.06541,0.06680,0.06344,0.06531,4040303.46,263872.2189726
1688860800,2023-07-09 00:00:00,DOGE/USD,0.06607,0.06635,0.06524,0.06539,364982.29,23866.1919431
1688774400,2023-07-08 00:00:00,DOGE/USD,0.06549,0.06600,0.06481,0.06576,416306.52,27376.3167552
1688688000,2023-07-07 00:00:00,DOGE/USD,0.06426,0.06580,0.06423,0.06549,1306082.37,85535.33441130002
1688601600,2023-07-06 00:00:00,DOGE/USD,0.06708,0.06845,0.06517,0.06537,1523254.85,99575.16954450001
1688515200,2023-07-05 00:00:00,DOGE/USD,0.06892,0.06906,0.06577,0.06719,986229.17,66264.7379323
1688428800,2023-07-04 00:00:00,DOGE/USD,0.06859,0.07173,0.06807,0.06929,817054.58,56613.7118482
1688342400,2023-07-03 00:00:00,DOGE/USD,0.06776,0.06870,0.06715,0.06863,256045.76,17572.420508799998
1688256000,2023-07-02 00:00:00,DOGE/USD,0.06824,0.06904,0.06600,0.06807,1178166.64,80197.8031848
1688169600,2023-07-01 00:00:00,DOGE/USD,0.06687,0.07131,0.06687,0.06861,2240098.70,153693.17180700004
1688083200,2023-06-30 00:00:00,DOGE/USD,0.06292,0.06683,0.06256,0.06640,2220698.68,147454.39235200002
1687996800,2023-06-29 00:00:00,DOGE/USD,0.06260,0.06422,0.06258,0.06353,232317.28,14759.1167984
1687910400,2023-06-28 00:00:00,DOGE/USD,0.06535,0.06577,0.06044,0.06254,1431358.44,89517.15683759999
1687824000,2023-06-27 00:00:00,DOGE/USD,0.06479,0.06578,0.06457,0.06560,593293.29,38920.03982400001
1687737600,2023-06-26 00:00:00,DOGE/USD,0.06638,0.06646,0.06339,0.06482,1036027.31,67155.2902342
1687651200,2023-06-25 00:00:00,DOGE/USD,0.06699,0.06788,0.06666,0.06703,147175.37,9865.1650511
1687564800,2023-06-24 00:00:00,DOGE/USD,0.06801,0.06841,0.06517,0.06674,427639.72,28540.674912799994
1687478400,2023-06-23 00:00:00,DOGE/USD,0.06596,0.07000,0.06573,0.06810,895843.91,61006.970271
1687392000,2023-06-22 00:00:00,DOGE/USD,0.06572,0.06959,0.06507,0.06568,785438.89,51587.6262952
1687305600,2023-06-21 00:00:00,DOGE/USD,0.06320,0.06593,0.06300,0.06588,885734.18,58352.1677784
1687219200,2023-06-20 00:00:00,DOGE/USD,0.06233,0.06309,0.06090,0.06308,309275.26,19509.0834008
1687132800,2023-06-19 00:00:00,DOGE/USD,0.06201,0.06280,0.06155,0.06231,691038.71,43058.622020099996
1687046400,2023-06-18 00:00:00,DOGE/USD,0.06175,0.06379,0.06132,0.06231,307006.10,19129.550090999997
1686960000,2023-06-17 00:00:00,DOGE/USD,0.06198,0.06285,0.06168,0.06231,394114.09,24557.2489479
1686873600,2023-06-16 00:00:00,DOGE/USD,0.06137,0.06267,0.06073,0.06225,452086.46,28142.382135
1686787200,2023-06-15 00:00:00,DOGE/USD,0.06037,0.06181,0.05993,0.06172,441017.27,27219.5859044
1686700800,2023-06-14 00:00:00,DOGE/USD,0.06211,0.06239,0.05853,0.06040,1151125.04,69527.952416
1686614400,2023-06-13 00:00:00,DOGE/USD,0.06129,0.06235,0.06050,0.06198,479852.41,29741.252371799997
1686528000,2023-06-12 00:00:00,DOGE/USD,0.06131,0.06185,0.06000,0.06173,956551.96,59047.952490799995
1686441600,2023-06-11 00:00:00,DOGE/USD,0.06209,0.06268,0.06117,0.06162,202206.55,12459.967611
1686355200,2023-06-10 00:00:00,DOGE/USD,0.06943,0.07120,0.05452,0.06223,2676280.64,166544.9442272
1686268800,2023-06-09 00:00:00,DOGE/USD,0.06797,0.07120,0.06739,0.06951,296429.34,20604.803423400004
1686182400,2023-06-08 00:00:00,DOGE/USD,0.06728,0.06838,0.06718,0.06808,192216.24,13086.0816192
1686096000,2023-06-07 00:00:00,DOGE/USD,0.06993,0.07700,0.06687,0.06739,2903765.84,195684.7799576
1686009600,2023-06-06 00:00:00,DOGE/USD,0.06664,0.07189,0.06612,0.07032,1073915.62,75517.7463984
1685923200,2023-06-05 00:00:00,DOGE/USD,0.07243,0.07243,0.06360,0.06662,1109910.71,73942.2515002
1685836800,2023-06-04 00:00:00,DOGE/USD,0.07276,0.07326,0.07235,0.07235,125189.19,9057.4378965
1685750400,2023-06-03 00:00:00,DOGE/USD,0.07255,0.07288,0.07214,0.07271,168879.24,12279.2095404
1685664000,2023-06-02 00:00:00,DOGE/USD,0.07145,0.07303,0.07100,0.07259,578057.68,41961.20699120001
1685577600,2023-06-01 00:00:00,DOGE/USD,0.07183,0.07186,0.07077,0.07179,182168.92,13077.906766800003
1685491200,2023-05-31 00:00:00,DOGE/USD,0.07258,0.07258,0.07065,0.07164,559147.70,40057.341228
1685404800,2023-05-30 00:00:00,DOGE/USD,0.07252,0.07353,0.07222,0.07249,261725.90,18972.510491
1685318400,2023-05-29 00:00:00,DOGE/USD,0.07346,0.07346,0.07298,0.07303,38094.08,2782.0106624
1685232000,2023-05-28 00:00:00,DOGE/USD,0.07250,0.07388,0.07215,0.07373,656040.87,48369.893345100005
1685145600,2023-05-27 00:00:00,DOGE/USD,0.07096,0.07329,0.07096,0.07287,139201.37,10143.6038319
1685059200,2023-05-26 00:00:00,DOGE/USD,0.07081,0.07121,0.07062,0.07096,457915.99,32493.7186504
1684972800,2023-05-25 00:00:00,DOGE/USD,0.07067,0.07094,0.06864,0.07087,294986.43,20905.6882941
1684886400,2023-05-24 00:00:00,DOGE/USD,0.07241,0.07241,0.06941,0.07076,1308699.30,92603.562468
1684800000,2023-05-23 00:00:00,DOGE/USD,0.07290,0.07341,0.07259,0.07260,2755479.06,200047.779756
1684713600,2023-05-22 00:00:00,DOGE/USD,0.07178,0.07314,0.07175,0.07314,371224.86,27151.3862604
1684627200,2023-05-21 00:00:00,DOGE/USD,0.07335,0.07335,0.07209,0.07217,49925.65,3603.1341605000002
1684540800,2023-05-20 00:00:00,DOGE/USD,0.07324,0.07360,0.07324,0.07325,41069.06,3008.3086449999996
1684454400,2023-05-19 00:00:00,DOGE/USD,0.07343,0.07361,0.07334,0.07361,97863.16,7203.7072075999995
1684368000,2023-05-18 00:00:00,DOGE/USD,0.07439,0.07477,0.07168,0.07369,328227.49,24187.083738100002
1684281600,2023-05-17 00:00:00,DOGE/USD,0.07278,0.07521,0.07249,0.07521,1440275.36,108323.10982560001
1684195200,2023-05-16 00:00:00,DOGE/USD,0.07197,0.07267,0.07159,0.07252,71951.58,5217.9285816
1684108800,2023-05-15 00:00:00,DOGE/USD,0.07135,0.07303,0.07117,0.07214,152894.15,11029.783980999999
1684022400,2023-05-14 00:00:00,DOGE/USD,0.07160,0.07300,0.07120,0.07159,160776.84,11510.0139756
1683936000,2023-05-13 00:00:00,DOGE/USD,0.07198,0.07217,0.07147,0.07160,272328.69,19498.734204
1683849600,2023-05-12 00:00:00,DOGE/USD,0.07190,0.07211,0.06999,0.07211,227627.77,16414.2384947
1683763200,2023-05-11 00:00:00,DOGE/USD,0.07254,0.07281,0.06947,0.07187,386337.10,27766.047377
1683676800,2023-05-10 00:00:00,DOGE/USD,0.07294,0.07421,0.07200,0.07305,1769952.20,129295.00821
1683590400,2023-05-09 00:00:00,DOGE/USD,0.07231,0.07341,0.07220,0.07334,70561.39,5174.9723426
1683504000,2023-05-08 00:00:00,DOGE/USD,0.07650,0.07650,0.07000,0.07203,586734.86,42262.5119658
1683417600,2023-05-07 00:00:00,DOGE/USD,0.07687,0.07776,0.07650,0.07650,62939.29,4814.8556849999995
1683331200,2023-05-06 00:00:00,DOGE/USD,0.08038,0.08038,0.07667,0.07683,1216240.03,93443.7215049
1683244800,2023-05-05 00:00:00,DOGE/USD,0.07879,0.08147,0.07750,0.08050,1865522.39,150174.552395
1683158400,2023-05-04 00:00:00,DOGE/USD,0.07916,0.07957,0.07814,0.07822,72625.65,5680.778342999999
1683072000,2023-05-03 00:00:00,DOGE/USD,0.07867,0.08017,0.07769,0.08017,252645.94,20254.625009800002
1682985600,2023-05-02 00:00:00,DOGE/USD,0.07841,0.07895,0.07767,0.07865,197444.74,15529.028800999999
1682899200,2023-05-01 00:00:00,DOGE/USD,0.07900,0.07900,0.07819,0.07822,58280.60,4558.708532
1682812800,2023-04-30 00:00:00,DOGE/USD,0.08122,0.08157,0.07943,0.07981,209917.36,16753.5045016
1682726400,2023-04-29 00:00:00,DOGE/USD,0.08076,0.08198,0.08076,0.08191,159374.64,13054.376762400001
1682640000,2023-04-28 00:00:00,DOGE/USD,0.08027,0.08201,0.07909,0.08003,4197259.97,335906.7153991
1682553600,2023-04-27 00:00:00,DOGE/USD,0.07900,0.08501,0.07900,0.08056,3933265.48,316863.8670688
1682467200,2023-04-26 00:00:00,DOGE/USD,0.08001,0.08500,0.07500,0.07900,6269763.04,495311.28016
1682380800,2023-04-25 00:00:00,DOGE/USD,0.07979,0.08200,0.07814,0.07971,5388440.89,429512.6233419
1682294400,2023-04-24 00:00:00,DOGE/USD,0.07900,0.08950,0.07730,0.07900,15089218.65,1192048.2733500001
1682208000,2023-04-23 00:00:00,DOGE/USD,0.08027,0.08067,0.07720,0.07900,112896.28,8918.80612
1682121600,2023-04-22 00:00:00,DOGE/USD,0.07883,0.08068,0.07601,0.08027,191203.90,15347.937052999998
1682035200,2023-04-21 00:00:00,DOGE/USD,0.08421,0.08456,0.07669,0.07793,1717560.23,133849.4687239
1681948800,2023-04-20 00:00:00,DOGE/USD,0.08826,0.09238,0.08334,0.08373,2266941.93,189811.04779890002
1681862400,2023-04-19 00:00:00,DOGE/USD,0.09314,0.11500,0.08655,0.08666,4990102.52,432442.2843832
1681776000,2023-04-18 00:00:00,DOGE/USD,0.09159,0.09450,0.09041,0.09368,1388989.12,130120.50076160001
1681689600,2023-04-17 00:00:00,DOGE/USD,0.08950,0.09498,0.08800,0.09128,2178843.90,198884.871192
1681603200,2023-04-16 00:00:00,DOGE/USD,0.08950,0.09210,0.08856,0.09004,1386184.61,124812.0622844
1681516800,2023-04-15 00:00:00,DOGE/USD,0.08891,0.09066,0.08769,0.08905,434797.57,38718.723608500004
1681430400,2023-04-14 00:00:00,DOGE/USD,0.08900,0.09110,0.08597,0.08852,3298831.68,292012.5803136
1681344000,2023-04-13 00:00:00,DOGE/USD,0.08329,0.08814,0.08329,0.08739,545282.60,47652.246413999994
1681257600,2023-04-12 00:00:00,DOGE/USD,0.08368,0.08439,0.08076,0.08344,411612.93,34344.9828792
1681171200,2023-04-11 00:00:00,DOGE/USD,0.08530,0.08607,0.08388,0.08408,934555.98,78577.4667984
1681084800,2023-04-10 00:00:00,DOGE/USD,0.08316,0.08500,0.08237,0.08500,159470.81,13555.01885
1680998400,2023-04-09 00:00:00,DOGE/USD,0.08120,0.08384,0.08119,0.08340,192380.91,16044.567894
1680912000,2023-04-08 00:00:00,DOGE/USD,0.08220,0.08427,0.08050,0.08124,774948.74,62956.8356376
1680825600,2023-04-07 00:00:00,DOGE/USD,0.08500,0.08752,0.08163,0.08281,772096.24,63937.2896344
1680739200,2023-04-06 00:00:00,DOGE/USD,0.09264,0.09274,0.08499,0.08585,7133973.15,612451.5949275
1680652800,2023-04-05 00:00:00,DOGE/USD,0.09508,0.09893,0.09102,0.09264,602819.93,55845.238315200004
1680566400,2023-04-04 00:00:00,DOGE/USD,0.09584,0.10200,0.09386,0.09518,2160806.54,205665.56647720002
1680480000,2023-04-03 00:00:00,DOGE/USD,0.07873,0.11676,0.07596,0.09626,5531691.96,532480.6680696
1680393600,2023-04-02 00:00:00,DOGE/USD,0.08302,0.08825,0.07912,0.07912,1339506.81,105981.7788072
1680307200,2023-04-01 00:00:00,DOGE/USD,0.07704,0.08369,0.07634,0.08301,1351760.71,112209.6565371
1680220800,2023-03-31 00:00:00,DOGE/USD,0.07487,0.07700,0.07430,0.07700,133016.15,10242.24355
1680134400,2023-03-30 00:00:00,DOGE/USD,0.07610,0.07610,0.07447,0.07460,70475.90,5257.50214
1680048000,2023-03-29 00:00:00,DOGE/USD,0.07403,0.07670,0.07374,0.07610,209327.99,15929.860039
1679961600,2023-03-28 00:00:00,DOGE/USD,0.07232,0.07415,0.07232,0.07415,29649.38,2198.501527
1679875200,2023-03-27 00:00:00,DOGE/USD,0.07380,0.07582,0.07210,0.07232,343145.63,24816.2919616
1679788800,2023-03-26 00:00:00,DOGE/USD,0.07404,0.07525,0.07404,0.07444,270187.98,20112.7932312
1679702400,2023-03-25 00:00:00,DOGE/USD,0.07550,0.07550,0.07403,0.07404,92921.41,6879.9011964
1679616000,2023-03-24 00:00:00,DOGE/USD,0.07709,0.07710,0.07395,0.07534,26789.55,2018.324697
1679529600,2023-03-23 00:00:00,DOGE/USD,0.07337,0.07900,0.07337,0.07709,559577.75,43137.8487475
1679443200,2023-03-22 00:00:00,DOGE/USD,0.07589,0.07786,0.07400,0.07418,199603.02,14806.5520236
1679356800,2023-03-21 00:00:00,DOGE/USD,0.07196,0.07796,0.07196,0.07666,110106.88,8440.7934208
1679270400,2023-03-20 00:00:00,DOGE/USD,0.07468,0.07552,0.07235,0.07236,255538.00,18490.729679999997
1679184000,2023-03-19 00:00:00,DOGE/USD,0.07376,0.07645,0.07376,0.07556,256076.34,19349.1282504
1679097600,2023-03-18 00:00:00,DOGE/USD,0.07844,0.07857,0.07376,0.07376,107192.42,7906.512899200001
1679011200,2023-03-17 00:00:00,DOGE/USD,0.07290,0.07676,0.07250,0.07658,255160.76,19540.211000799998
1678924800,2023-03-16 00:00:00,DOGE/USD,0.07117,0.07158,0.07023,0.07158,64206.98,4595.9356284000005
1678838400,2023-03-15 00:00:00,DOGE/USD,0.07460,0.07594,0.06899,0.06988,235945.91,16487.9001908
1678752000,2023-03-14 00:00:00,DOGE/USD,0.07267,0.07703,0.07177,0.07425,235140.31,17459.1680175
1678665600,2023-03-13 00:00:00,DOGE/USD,0.07132,0.07300,0.06891,0.07299,192729.42,14067.3203658
1678579200,2023-03-12 00:00:00,DOGE/USD,0.06673,0.07150,0.06630,0.07132,131906.27,9407.5551764
1678492800,2023-03-11 00:00:00,DOGE/USD,0.06676,0.06856,0.06519,0.06654,83477.90,5554.619466
1678406400,2023-03-10 00:00:00,DOGE/USD,0.06558,0.06600,0.06366,0.06593,168480.54,11107.9220022
1678320000,2023-03-09 00:00:00,DOGE/USD,0.07160,0.07211,0.06425,0.06564,230509.55,15130.646862
1678233600,2023-03-08 00:00:00,DOGE/USD,0.07333,0.07351,0.07100,0.07100,69143.72,4909.204119999999
1678147200,2023-03-07 00:00:00,DOGE/USD,0.07481,0.07520,0.07277,0.07387,57118.98,4219.3790526
1678060800,2023-03-06 00:00:00,DOGE/USD,0.07369,0.07474,0.07369,0.07433,340750.62,25327.993584599997
1677974400,2023-03-05 00:00:00,DOGE/USD,0.07463,0.07575,0.07442,0.07479,47861.45,3579.5578454999995
1677888000,2023-03-04 00:00:00,DOGE/USD,0.07714,0.07724,0.07277,0.07277,57257.50,4166.628275
1677801600,2023-03-03 00:00:00,DOGE/USD,0.08042,0.08042,0.07371,0.07659,185709.06,14223.4569054
1677715200,2023-03-02 00:00:00,DOGE/USD,0.08208,0.08220,0.07971,0.08050,208228.46,16762.39103
1677628800,2023-03-01 00:00:00,DOGE/USD,0.08180,0.08252,0.08130,0.08193,138749.11,11367.7145823
1677542400,2023-02-28 00:00:00,DOGE/USD,0.08289,0.08294,0.08019,0.08063,597021.05,48137.8072615
1677456000,2023-02-27 00:00:00,DOGE/USD,0.08247,0.08247,0.08004,0.08091,69451.19,5619.2957829
1677369600,2023-02-26 00:00:00,DOGE/USD,0.08077,0.08255,0.08077,0.08249,128358.05,10588.2555445
1677283200,2023-02-25 00:00:00,DOGE/USD,0.08150,0.08204,0.07919,0.08098,21483.41,1739.7265418
1677196800,2023-02-24 00:00:00,DOGE/USD,0.08463,0.08480,0.08000,0.08101,117183.88,9493.0661188
1677110400,2023-02-23 00:00:00,DOGE/USD,0.08640,0.08640,0.08404,0.08404,76583.06,6436.0403624
1677024000,2023-02-22 00:00:00,DOGE/USD,0.08405,0.08900,0.08360,0.08549,236878.85,20250.7728865
1676937600,2023-02-21 00:00:00,DOGE/USD,0.08869,0.08890,0.08395,0.08535,225857.59,19276.945306499998
1676851200,2023-02-20 00:00:00,DOGE/USD,0.08739,0.08862,0.08550,0.08826,125428.17,11070.2902842
1676764800,2023-02-19 00:00:00,DOGE/USD,0.08848,0.08952,0.08598,0.08690,33781.24,2935.589756
1676678400,2023-02-18 00:00:00,DOGE/USD,0.08827,0.08958,0.08712,0.08868,59647.89,5289.5748852
1676592000,2023-02-17 00:00:00,DOGE/USD,0.08500,0.08844,0.08500,0.08683,189800.83,16480.4060689
1676505600,2023-02-16 00:00:00,DOGE/USD,0.08974,0.09200,0.08653,0.08653,190327.81,16469.065399299998
1676419200,2023-02-15 00:00:00,DOGE/USD,0.08341,0.08914,0.08296,0.08864,227603.03,20174.732579199997
1676332800,2023-02-14 00:00:00,DOGE/USD,0.08154,0.08361,0.08121,0.08346,35535.70,2965.809522
1676246400,2023-02-13 00:00:00,DOGE/USD,0.08214,0.08616,0.07983,0.08235,324715.01,26740.281073500002
1676160000,2023-02-12 00:00:00,DOGE/USD,0.08208,0.08568,0.08145,0.08194,93425.71,7655.3026774
1676073600,2023-02-11 00:00:00,DOGE/USD,0.08166,0.08232,0.08130,0.08232,45628.23,3756.1158936000006
1675987200,2023-02-10 00:00:00,DOGE/USD,0.08126,0.08270,0.07977,0.08041,147856.59,11889.148401899998
1675900800,2023-02-09 00:00:00,DOGE/USD,0.09042,0.09042,0.07987,0.08135,231222.82,18809.976407000002
1675814400,2023-02-08 00:00:00,DOGE/USD,0.09300,0.09332,0.08900,0.08988,158574.77,14252.7003276
1675728000,2023-02-07 00:00:00,DOGE/USD,0.09016,0.09275,0.09003,0.09259,97251.14,9004.4830526
1675641600,2023-02-06 00:00:00,DOGE/USD,0.09238,0.09343,0.08895,0.08955,94146.02,8430.776091000002
1675555200,2023-02-05 00:00:00,DOGE/USD,0.09447,0.09609,0.09075,0.09226,214930.79,19829.5146854
1675468800,2023-02-04 00:00:00,DOGE/USD,0.09303,0.09902,0.09291,0.09662,415898.83,40184.1449546
1675382400,2023-02-03 00:00:00,DOGE/USD,0.09156,0.09327,0.08889,0.09318,272975.56,25435.8626808
1675296000,2023-02-02 00:00:00,DOGE/USD,0.09463,0.09999,0.09102,0.09130,494340.76,45133.311388
1675209600,2023-02-01 00:00:00,DOGE/USD,0.09478,0.09489,0.08898,0.09461,232739.31,22019.4661191
1675123200,2023-01-31 00:00:00,DOGE/USD,0.08868,0.09756,0.08867,0.09548,592349.08,56557.490158399996
1675036800,2023-01-30 00:00:00,DOGE/USD,0.08966,0.09253,0.08400,0.08748,570663.93,49921.68059640001
1674950400,2023-01-29 00:00:00,DOGE/USD,0.08746,0.09078,0.08746,0.09039,275627.62,24913.9805718
1674864000,2023-01-28 00:00:00,DOGE/USD,0.08722,0.09340,0.08722,0.08745,459767.11,40206.6337695
1674777600,2023-01-27 00:00:00,DOGE/USD,0.08585,0.10320,0.08464,0.08716,608250.11,53015.0795876
1674691200,2023-01-26 00:00:00,DOGE/USD,0.08652,0.08691,0.08532,0.08585,113847.12,9773.775252
1674604800,2023-01-25 00:00:00,DOGE/USD,0.08349,0.08787,0.08341,0.08652,176703.93,15288.424023599999
1674518400,2023-01-24 00:00:00,DOGE/USD,0.08983,0.09013,0.08350,0.08388,124818.03,10469.736356399999
1674432000,2023-01-23 00:00:00,DOGE/USD,0.08890,0.09250,0.08807,0.08993,626913.11,56378.2959823
1674345600,2023-01-22 00:00:00,DOGE/USD,0.08559,0.09341,0.08538,0.08870,62307.93,5526.713391
1674259200,2023-01-21 00:00:00,DOGE/USD,0.08692,0.08823,0.08500,0.08500,105717.44,8985.9824
1674172800,2023-01-20 00:00:00,DOGE/USD,0.08097,0.09204,0.08097,0.08694,794412.22,69066.1984068
1674086400,2023-01-19 00:00:00,DOGE/USD,0.08126,0.08154,0.08017,0.08154,22610.19,1843.6348925999998
1674000000,2023-01-18 00:00:00,DOGE/USD,0.08334,0.08987,0.07900,0.08080,261042.65,21092.24612
1673913600,2023-01-17 00:00:00,DOGE/USD,0.08578,0.08700,0.08307,0.08370,180115.66,15075.680742
1673827200,2023-01-16 00:00:00,DOGE/USD,0.08724,0.09100,0.08400,0.08435,1128135.86,95158.259791
1673740800,2023-01-15 00:00:00,DOGE/USD,0.08733,0.08733,0.08355,0.08652,45423.71,3930.0593891999997
1673654400,2023-01-14 00:00:00,DOGE/USD,0.08583,0.09217,0.08406,0.08652,171159.78,14808.7441656
1673568000,2023-01-13 00:00:00,DOGE/USD,0.08080,0.08455,0.07914,0.08455,30488.46,2577.799293
1673481600,2023-01-12 00:00:00,DOGE/USD,0.07944,0.08112,0.07713,0.07983,101061.11,8067.7084113
1673395200,2023-01-11 00:00:00,DOGE/USD,0.07692,0.07817,0.07666,0.07817,30199.03,2360.6581751
1673308800,2023-01-10 00:00:00,DOGE/USD,0.07629,0.07805,0.07479,0.07734,134595.39,10409.607462600003
1673222400,2023-01-09 00:00:00,DOGE/USD,0.07365,0.07932,0.07365,0.07551,442497.45,33412.9824495
1673136000,2023-01-08 00:00:00,DOGE/USD,0.07212,0.07356,0.06000,0.07300,350239.34,25567.47182
1673049600,2023-01-07 00:00:00,DOGE/USD,0.07200,0.07254,0.07200,0.07200,923276.38,66475.89936
1672963200,2023-01-06 00:00:00,DOGE/USD,0.07144,0.07254,0.07081,0.07200,804043.37,57891.122639999994
1672876800,2023-01-05 00:00:00,DOGE/USD,0.07425,0.07425,0.07300,0.07300,15527.70,1133.5221
1672790400,2023-01-04 00:00:00,DOGE/USD,0.07128,0.07266,0.07128,0.07258,5061.99,367.3992342
1672704000,2023-01-03 00:00:00,DOGE/USD,0.07158,0.07194,0.07011,0.07014,48160.42,3377.9718587999996
1672617600,2023-01-02 00:00:00,DOGE/USD,0.07032,0.07235,0.07026,0.07173,70735.58,5073.863153400001
1672531200,2023-01-01 00:00:00,DOGE/USD,0.07500,0.07500,0.06951,0.07035,1073748.01,75538.1725035
1672444800,2022-12-31 00:00:00,DOGE/USD,0.07090,0.07500,0.07090,0.07500,544247.56,40818.567
1672358400,2022-12-30 00:00:00,DOGE/USD,0.07050,0.07050,0.06762,0.06845,86629.61,5929.7968045
1672272000,2022-12-29 00:00:00,DOGE/USD,0.07023,0.07121,0.07000,0.07095,87898.29,6236.383675499999
1672185600,2022-12-28 00:00:00,DOGE/USD,0.07262,0.07262,0.07066,0.07124,32372.24,2306.1983776
1672099200,2022-12-27 00:00:00,DOGE/USD,0.07595,0.07595,0.07388,0.07388,30510.23,2254.0957924
1672012800,2022-12-26 00:00:00,DOGE/USD,0.07603,0.07624,0.07466,0.07481,41847.94,3130.6443914
1671926400,2022-12-25 00:00:00,DOGE/USD,0.07751,0.08800,0.07406,0.07631,274873.01,20975.5593931
1671840000,2022-12-24 00:00:00,DOGE/USD,0.07691,0.07794,0.07691,0.07783,22294.37,1735.1708170999998
1671753600,2022-12-23 00:00:00,DOGE/USD,0.07880,0.08500,0.07667,0.07691,279016.31,21459.144402100002
1671667200,2022-12-22 00:00:00,DOGE/USD,0.07350,0.07739,0.07350,0.07739,81135.49,6279.0755711
1671580800,2022-12-21 00:00:00,DOGE/USD,0.07320,0.07330,0.07320,0.07330,70.00,5.131
