unix,date,symbol,open,high,low,close,Volume DOT,Volume USD
1734566400,2024-12-19 00:00:00,DOT/USD,7.675,7.675,7.675,7.675,73.57,564.6497499999999
1734480000,2024-12-18 00:00:00,DOT/USD,8.396,8.632,7.533,7.670,27862.67,213706.6789
1734393600,2024-12-17 00:00:00,DOT/USD,8.652,9.185,8.460,8.460,21372.84,180814.2264
1734307200,2024-12-16 00:00:00,DOT/USD,8.999,9.322,8.591,8.730,32742.65,285843.33450000006
1734220800,2024-12-15 00:00:00,DOT/USD,8.557,9.541,8.385,9.065,9253.69,83884.69985
1734134400,2024-12-14 00:00:00,DOT/USD,9.069,9.183,8.274,8.552,8654.86,74016.36272
1734048000,2024-12-13 00:00:00,DOT/USD,9.100,9.424,8.816,9.045,22262.38,201363.22710000002
1733961600,2024-12-12 00:00:00,DOT/USD,8.991,9.977,8.946,8.986,32133.66,288753.06876
1733875200,2024-12-11 00:00:00,DOT/USD,8.250,9.250,8.040,9.020,27204.57,245385.22139999998
1733788800,2024-12-10 00:00:00,DOT/USD,8.459,8.858,7.605,8.408,33905.70,285079.12559999997
1733702400,2024-12-09 00:00:00,DOT/USD,10.323,10.330,7.750,8.501,34944.74,297065.23474
1733616000,2024-12-08 00:00:00,DOT/USD,10.752,10.783,10.155,10.397,11189.10,116333.0727
1733529600,2024-12-07 00:00:00,DOT/USD,10.569,10.927,10.431,10.604,5816.75,61680.816999999995
1733443200,2024-12-06 00:00:00,DOT/USD,10.214,10.839,9.602,10.743,11351.44,121948.51992
1733356800,2024-12-05 00:00:00,DOT/USD,10.459,11.272,9.712,10.655,28300.45,301541.29475
1733270400,2024-12-04 00:00:00,DOT/USD,9.873,11.600,9.703,10.510,129391.42,1359903.8242
1733184000,2024-12-03 00:00:00,DOT/USD,10.043,10.486,8.978,9.873,80273.23,792537.5997899999
1733097600,2024-12-02 00:00:00,DOT/USD,9.186,10.129,8.458,10.129,41068.51,415982.93779
1733011200,2024-12-01 00:00:00,DOT/USD,9.114,9.837,8.723,9.237,34428.95,318020.21115
1732924800,2024-11-30 00:00:00,DOT/USD,8.813,9.128,8.557,8.966,16470.95,147678.5377
1732838400,2024-11-29 00:00:00,DOT/USD,8.651,9.058,8.471,9.058,11095.71,100504.94118
1732752000,2024-11-28 00:00:00,DOT/USD,8.402,8.739,8.000,8.637,16001.33,138203.48721000002
1732665600,2024-11-27 00:00:00,DOT/USD,8.137,8.667,7.904,8.453,14990.94,126718.41582
1732579200,2024-11-26 00:00:00,DOT/USD,8.336,8.455,7.486,8.053,26096.87,210158.09411
1732492800,2024-11-25 00:00:00,DOT/USD,8.733,9.300,8.225,8.364,9991.83,83571.66612000001
1732406400,2024-11-24 00:00:00,DOT/USD,8.650,10.500,8.000,8.828,50677.80,447383.6184
1732320000,2024-11-23 00:00:00,DOT/USD,6.684,9.412,6.684,8.507,89335.60,759977.9492
1732233600,2024-11-22 00:00:00,DOT/USD,5.945,6.626,5.906,6.574,18361.53,120708.69821999999
1732147200,2024-11-21 00:00:00,DOT/USD,5.713,5.988,5.430,5.945,27339.23,162531.72235
1732060800,2024-11-20 00:00:00,DOT/USD,5.835,6.078,5.564,5.716,61597.04,352088.68064000004
1731974400,2024-11-19 00:00:00,DOT/USD,5.973,6.087,5.669,5.669,14097.95,79921.27855
1731888000,2024-11-18 00:00:00,DOT/USD,5.402,6.100,5.402,6.099,25786.29,157270.58271000002
1731801600,2024-11-17 00:00:00,DOT/USD,5.890,6.100,5.334,5.413,13201.97,71462.26361
1731715200,2024-11-16 00:00:00,DOT/USD,5.178,5.833,5.173,5.783,38652.79,223529.08457
1731628800,2024-11-15 00:00:00,DOT/USD,4.778,5.150,4.758,5.136,36950.98,189780.23328000001
1731542400,2024-11-14 00:00:00,DOT/USD,5.025,5.176,4.700,4.700,15800.95,74264.46500000001
1731456000,2024-11-13 00:00:00,DOT/USD,5.374,5.549,4.963,5.091,17412.05,88644.74655
1731369600,2024-11-12 00:00:00,DOT/USD,5.638,5.782,5.132,5.340,25122.94,134156.49959999998
1731283200,2024-11-11 00:00:00,DOT/USD,5.237,5.765,4.994,5.741,13486.58,77426.45577999999
1731196800,2024-11-10 00:00:00,DOT/USD,4.626,5.481,4.597,5.260,180743.93,950713.0717999999
1731110400,2024-11-09 00:00:00,DOT/USD,4.327,4.635,4.265,4.631,14724.93,68191.15083
1731024000,2024-11-08 00:00:00,DOT/USD,4.201,4.460,4.142,4.324,216935.73,938030.09652
1730937600,2024-11-07 00:00:00,DOT/USD,4.123,4.210,4.059,4.141,14833.81,61426.80721
1730851200,2024-11-06 00:00:00,DOT/USD,3.859,4.165,3.859,4.121,38526.63,158768.24223
1730764800,2024-11-05 00:00:00,DOT/USD,3.751,3.914,3.751,3.852,11305.46,43548.63191999999
1730678400,2024-11-04 00:00:00,DOT/USD,3.779,3.822,3.678,3.749,5860.38,21970.56462
1730592000,2024-11-03 00:00:00,DOT/USD,3.910,3.913,3.676,3.780,24292.92,91827.2376
1730505600,2024-11-02 00:00:00,DOT/USD,3.908,3.941,3.833,3.902,2618.70,10218.1674
1730419200,2024-11-01 00:00:00,DOT/USD,3.955,3.982,3.847,3.901,10247.40,39975.10739999999
1730332800,2024-10-31 00:00:00,DOT/USD,4.200,4.232,3.902,3.964,37987.75,150583.441
1730246400,2024-10-30 00:00:00,DOT/USD,4.185,4.208,4.134,4.191,5332.67,22349.21997
1730160000,2024-10-29 00:00:00,DOT/USD,4.141,4.246,4.117,4.184,28798.93,120494.72312000001
1730073600,2024-10-28 00:00:00,DOT/USD,4.126,4.215,4.006,4.130,27617.88,114061.8444
1729987200,2024-10-27 00:00:00,DOT/USD,4.031,4.125,4.006,4.125,3178.67,13112.01375
1729900800,2024-10-26 00:00:00,DOT/USD,3.988,4.049,3.944,4.035,8502.89,34309.16115
1729814400,2024-10-25 00:00:00,DOT/USD,4.205,4.214,3.840,3.986,9719.60,38742.325600000004
1729728000,2024-10-24 00:00:00,DOT/USD,4.211,4.254,4.147,4.204,10154.98,42691.535919999995
1729641600,2024-10-23 00:00:00,DOT/USD,4.320,4.320,4.108,4.202,9384.12,39432.07224
1729555200,2024-10-22 00:00:00,DOT/USD,4.383,4.427,4.296,4.322,9753.49,42154.58378
1729468800,2024-10-21 00:00:00,DOT/USD,4.589,4.607,4.346,4.375,21483.52,93990.40000000001
1729382400,2024-10-20 00:00:00,DOT/USD,4.434,4.586,4.364,4.575,7905.36,36167.022
1729296000,2024-10-19 00:00:00,DOT/USD,4.313,4.476,4.313,4.430,5032.36,22293.354799999997
1729209600,2024-10-18 00:00:00,DOT/USD,4.190,4.307,4.174,4.307,5299.65,22825.59255
1729123200,2024-10-17 00:00:00,DOT/USD,4.328,4.347,4.161,4.191,24352.30,102060.48929999999
1729036800,2024-10-16 00:00:00,DOT/USD,4.402,4.407,4.293,4.324,22347.28,96629.63871999999
1728950400,2024-10-15 00:00:00,DOT/USD,4.400,4.529,4.290,4.403,48260.57,212491.28970999998
1728864000,2024-10-14 00:00:00,DOT/USD,4.165,4.380,4.138,4.374,2460.97,10764.282779999998
1728777600,2024-10-13 00:00:00,DOT/USD,4.206,4.210,4.092,4.154,4491.33,18656.984819999998
1728691200,2024-10-12 00:00:00,DOT/USD,4.175,4.254,4.161,4.208,3959.55,16661.7864
1728604800,2024-10-11 00:00:00,DOT/USD,4.074,4.193,4.053,4.173,6921.77,28884.54621
1728518400,2024-10-10 00:00:00,DOT/USD,4.024,4.110,3.887,4.069,19345.79,78718.01951
1728432000,2024-10-09 00:00:00,DOT/USD,4.104,4.141,3.960,4.025,6710.86,27011.2115
1728345600,2024-10-08 00:00:00,DOT/USD,4.137,4.182,4.050,4.099,18631.17,76369.16583
1728259200,2024-10-07 00:00:00,DOT/USD,4.203,4.265,4.127,4.127,10914.05,45042.284349999994
1728172800,2024-10-06 00:00:00,DOT/USD,4.142,4.188,4.112,4.168,1216.01,5068.32968
1728086400,2024-10-05 00:00:00,DOT/USD,4.191,4.222,4.078,4.134,6161.11,25470.02874
1728000000,2024-10-04 00:00:00,DOT/USD,4.139,4.211,4.118,4.192,20267.79,84962.57568000001
1727913600,2024-10-03 00:00:00,DOT/USD,4.104,4.143,4.000,4.109,7645.39,31414.90751
1727827200,2024-10-02 00:00:00,DOT/USD,4.137,4.262,4.021,4.106,11947.08,49054.71048
1727740800,2024-10-01 00:00:00,DOT/USD,4.400,4.733,4.079,4.169,17600.49,73376.44281
1727654400,2024-09-30 00:00:00,DOT/USD,4.700,4.721,4.401,4.401,24570.59,108135.16659
1727568000,2024-09-29 00:00:00,DOT/USD,4.817,4.827,4.700,4.750,913.92,4341.12
1727481600,2024-09-28 00:00:00,DOT/USD,4.929,4.929,4.750,4.789,4279.73,20495.626969999998
1727395200,2024-09-27 00:00:00,DOT/USD,4.849,4.956,4.849,4.903,21661.48,106206.23644
1727308800,2024-09-26 00:00:00,DOT/USD,4.613,4.897,4.520,4.792,13794.39,66102.71687999999
1727222400,2024-09-25 00:00:00,DOT/USD,4.657,4.749,4.648,4.715,428.67,2021.17905
1727136000,2024-09-24 00:00:00,DOT/USD,4.419,4.661,4.419,4.661,4053.46,18893.177059999998
1727049600,2024-09-23 00:00:00,DOT/USD,4.324,4.457,4.322,4.451,14880.77,66234.30726999999
1726963200,2024-09-22 00:00:00,DOT/USD,4.405,4.418,4.249,4.309,3272.52,14101.28868
1726876800,2024-09-21 00:00:00,DOT/USD,4.329,4.466,4.309,4.466,3723.02,16627.00732
1726790400,2024-09-20 00:00:00,DOT/USD,4.256,4.385,4.198,4.275,9898.51,42316.13025
1726704000,2024-09-19 00:00:00,DOT/USD,4.184,4.348,4.183,4.254,26980.77,114776.19557999999
1726617600,2024-09-18 00:00:00,DOT/USD,4.150,4.172,3.978,4.172,12380.51,51651.48772
1726531200,2024-09-17 00:00:00,DOT/USD,4.189,4.292,4.135,4.152,21939.56,91093.05312000001
1726444800,2024-09-16 00:00:00,DOT/USD,4.393,4.393,4.153,4.197,3874.27,16260.31119
1726358400,2024-09-15 00:00:00,DOT/USD,4.439,4.556,4.392,4.392,3630.47,15945.02424
1726272000,2024-09-14 00:00:00,DOT/USD,4.428,4.441,4.350,4.439,4906.81,21781.32959
1726185600,2024-09-13 00:00:00,DOT/USD,4.293,4.460,4.278,4.421,8382.40,37058.5904
1726099200,2024-09-12 00:00:00,DOT/USD,4.191,4.294,4.191,4.294,6152.57,26419.135579999995
1726012800,2024-09-11 00:00:00,DOT/USD,4.249,4.254,4.074,4.194,3908.56,16392.50064
1725926400,2024-09-10 00:00:00,DOT/USD,4.248,4.287,4.200,4.247,5734.29,24353.52963
1725840000,2024-09-09 00:00:00,DOT/USD,4.144,4.320,4.142,4.300,10167.20,43718.96
1725753600,2024-09-08 00:00:00,DOT/USD,4.083,4.200,4.079,4.172,3432.13,14318.84636
1725667200,2024-09-07 00:00:00,DOT/USD,4.009,4.125,4.009,4.069,1512.61,6154.81009
1725580800,2024-09-06 00:00:00,DOT/USD,4.027,4.119,3.832,3.939,24117.34,94998.20226
1725494400,2024-09-05 00:00:00,DOT/USD,4.107,4.107,3.977,4.000,9277.64,37110.56
1725408000,2024-09-04 00:00:00,DOT/USD,4.076,4.170,3.870,4.135,18037.42,74584.73169999999
1725321600,2024-09-03 00:00:00,DOT/USD,4.215,4.256,4.070,4.070,2691.90,10956.033000000001
1725235200,2024-09-02 00:00:00,DOT/USD,4.105,4.188,4.087,4.186,360.67,1509.7646200000001
1725148800,2024-09-01 00:00:00,DOT/USD,4.232,4.232,4.049,4.049,4019.27,16274.02423
1725062400,2024-08-31 00:00:00,DOT/USD,4.315,4.315,4.234,4.254,9110.04,38754.11016
1724976000,2024-08-30 00:00:00,DOT/USD,4.241,4.323,4.120,4.270,2115.39,9032.715299999998
1724889600,2024-08-29 00:00:00,DOT/USD,4.267,4.386,4.208,4.224,5754.59,24307.388160000002
1724803200,2024-08-28 00:00:00,DOT/USD,4.357,4.434,4.234,4.271,3168.25,13531.59575
1724716800,2024-08-27 00:00:00,DOT/USD,4.590,4.650,4.250,4.385,14378.43,63049.41555
1724630400,2024-08-26 00:00:00,DOT/USD,4.856,4.857,4.540,4.559,13576.91,61897.13269
1724544000,2024-08-25 00:00:00,DOT/USD,4.980,4.989,4.747,4.828,6875.36,33194.23808
1724457600,2024-08-24 00:00:00,DOT/USD,4.896,5.101,4.853,4.976,60632.52,301707.41952
1724371200,2024-08-23 00:00:00,DOT/USD,4.740,4.941,4.698,4.893,35451.37,173463.55341
1724284800,2024-08-22 00:00:00,DOT/USD,4.660,4.712,4.609,4.661,16968.68,79091.01748
1724198400,2024-08-21 00:00:00,DOT/USD,4.524,4.755,4.502,4.652,8229.54,38283.820080000005
1724112000,2024-08-20 00:00:00,DOT/USD,4.483,4.591,4.464,4.535,3590.36,16282.2826
1724025600,2024-08-19 00:00:00,DOT/USD,4.386,4.504,4.349,4.462,15030.79,67067.38498
1723939200,2024-08-18 00:00:00,DOT/USD,4.369,4.524,4.352,4.395,27736.92,121903.76339999998
1723852800,2024-08-17 00:00:00,DOT/USD,4.286,4.379,4.281,4.365,5035.42,21979.6083
1723766400,2024-08-16 00:00:00,DOT/USD,4.256,4.375,4.226,4.294,17644.03,75763.46482
1723680000,2024-08-15 00:00:00,DOT/USD,4.374,4.471,4.241,4.266,4235.51,18068.68566
1723593600,2024-08-14 00:00:00,DOT/USD,4.549,4.549,4.356,4.386,22361.85,98079.0741
1723507200,2024-08-13 00:00:00,DOT/USD,4.556,4.608,4.429,4.550,8034.28,36555.973999999995
1723420800,2024-08-12 00:00:00,DOT/USD,4.540,4.665,4.460,4.569,10633.50,48584.4615
1723334400,2024-08-11 00:00:00,DOT/USD,4.780,4.831,4.487,4.496,6610.87,29722.471520000003
1723248000,2024-08-10 00:00:00,DOT/USD,4.828,4.828,4.734,4.764,2194.59,10455.02676
1723161600,2024-08-09 00:00:00,DOT/USD,4.905,4.905,4.750,4.759,6668.76,31736.628840000005
1723075200,2024-08-08 00:00:00,DOT/USD,4.741,4.905,4.605,4.881,14231.55,69464.19555
1722988800,2024-08-07 00:00:00,DOT/USD,4.581,4.636,4.417,4.602,21001.82,96650.37564
1722902400,2024-08-06 00:00:00,DOT/USD,4.270,4.678,4.085,4.506,85914.35,387130.06110000005
1722816000,2024-08-05 00:00:00,DOT/USD,4.656,4.684,3.606,4.188,46024.00,192748.512
1722729600,2024-08-04 00:00:00,DOT/USD,5.035,5.069,4.560,4.701,8268.89,38872.051889999995
1722643200,2024-08-03 00:00:00,DOT/USD,5.114,5.199,4.870,5.064,24583.44,124490.54015999999
1722556800,2024-08-02 00:00:00,DOT/USD,5.355,5.355,5.000,5.110,15651.58,79979.5738
1722470400,2024-08-01 00:00:00,DOT/USD,5.406,5.406,5.051,5.339,12846.72,68588.63808
1722384000,2024-07-31 00:00:00,DOT/USD,5.511,5.549,5.360,5.394,13718.57,73997.96658
1722297600,2024-07-30 00:00:00,DOT/USD,5.658,5.695,5.496,5.509,5317.39,29293.501510000002
1722211200,2024-07-29 00:00:00,DOT/USD,5.740,5.855,5.640,5.640,5522.85,31148.874
1722124800,2024-07-28 00:00:00,DOT/USD,5.826,5.898,5.680,5.700,7158.60,40804.020000000004
1722038400,2024-07-27 00:00:00,DOT/USD,5.866,6.220,5.767,5.880,27392.04,161065.19520000002
1721952000,2024-07-26 00:00:00,DOT/USD,5.756,5.880,5.756,5.872,19384.16,113823.78752
1721865600,2024-07-25 00:00:00,DOT/USD,5.767,5.770,5.562,5.742,11169.03,64132.57026
1721779200,2024-07-24 00:00:00,DOT/USD,5.920,5.993,5.692,5.747,8763.27,50362.51269
1721692800,2024-07-23 00:00:00,DOT/USD,6.108,6.148,5.812,5.907,40362.91,238423.70937000003
1721606400,2024-07-22 00:00:00,DOT/USD,6.441,6.441,6.158,6.158,53892.99,331873.03242
1721520000,2024-07-21 00:00:00,DOT/USD,6.341,6.448,6.113,6.422,9409.44,60427.42368
1721433600,2024-07-20 00:00:00,DOT/USD,6.306,6.362,6.248,6.342,2762.77,17521.48734
1721347200,2024-07-19 00:00:00,DOT/USD,6.089,6.309,6.029,6.291,4002.60,25180.3566
1721260800,2024-07-18 00:00:00,DOT/USD,6.376,6.379,6.041,6.085,8395.88,51088.9298
1721174400,2024-07-17 00:00:00,DOT/USD,6.462,6.496,6.300,6.300,3313.81,20877.003
1721088000,2024-07-16 00:00:00,DOT/USD,6.466,6.470,6.161,6.322,7107.36,44932.72992
1721001600,2024-07-15 00:00:00,DOT/USD,6.387,6.519,6.323,6.444,6867.89,44256.68316
1720915200,2024-07-14 00:00:00,DOT/USD,6.203,6.512,6.192,6.234,439.03,2736.91302
1720828800,2024-07-13 00:00:00,DOT/USD,6.086,6.278,6.086,6.278,6872.40,43144.9272
1720742400,2024-07-12 00:00:00,DOT/USD,5.866,6.092,5.841,6.051,2113.09,12786.30759
1720656000,2024-07-11 00:00:00,DOT/USD,6.070,6.242,5.909,5.909,14432.07,85279.10162999999
1720569600,2024-07-10 00:00:00,DOT/USD,6.067,6.231,6.065,6.111,8944.76,54661.42836
1720483200,2024-07-09 00:00:00,DOT/USD,5.899,6.169,5.899,6.084,8242.98,50150.29031999999
1720396800,2024-07-08 00:00:00,DOT/USD,5.881,6.251,5.731,5.932,19443.71,115340.08772
1720310400,2024-07-07 00:00:00,DOT/USD,6.231,6.287,5.926,5.926,10042.20,59510.07720000001
1720224000,2024-07-06 00:00:00,DOT/USD,5.651,6.277,5.651,6.241,9458.68,59031.62188
1720137600,2024-07-05 00:00:00,DOT/USD,5.500,5.871,4.933,5.721,56989.51,326036.98671
1720051200,2024-07-04 00:00:00,DOT/USD,6.083,6.084,5.552,5.552,13668.76,75888.95551999999
1719964800,2024-07-03 00:00:00,DOT/USD,6.468,6.468,6.038,6.042,14422.08,87138.20736
1719878400,2024-07-02 00:00:00,DOT/USD,6.374,6.577,6.324,6.577,6865.82,45156.498139999996
1719792000,2024-07-01 00:00:00,DOT/USD,6.327,6.418,6.265,6.418,12086.91,77573.78838
1719705600,2024-06-30 00:00:00,DOT/USD,6.072,6.224,6.022,6.212,4653.78,28909.281359999997
1719619200,2024-06-29 00:00:00,DOT/USD,6.238,6.247,6.055,6.080,2240.15,13620.112000000001
1719532800,2024-06-28 00:00:00,DOT/USD,6.265,6.434,6.159,6.176,9858.43,60885.663680000005
1719446400,2024-06-27 00:00:00,DOT/USD,5.736,6.360,5.705,6.296,7264.64,45738.173440000006
1719360000,2024-06-26 00:00:00,DOT/USD,5.835,5.935,5.771,5.797,7434.35,43096.92695
1719273600,2024-06-25 00:00:00,DOT/USD,5.777,5.952,5.775,5.840,8781.38,51283.25919999999
1719187200,2024-06-24 00:00:00,DOT/USD,5.668,5.726,5.465,5.726,24020.49,137541.32574
1719100800,2024-06-23 00:00:00,DOT/USD,5.756,5.802,5.625,5.640,5586.71,31509.0444
1719014400,2024-06-22 00:00:00,DOT/USD,5.571,5.778,5.544,5.743,6255.15,35923.32645
1718928000,2024-06-21 00:00:00,DOT/USD,5.604,5.710,5.573,5.609,9642.01,54082.03409
1718841600,2024-06-20 00:00:00,DOT/USD,5.805,5.968,5.631,5.642,13365.17,75406.28914000001
1718755200,2024-06-19 00:00:00,DOT/USD,5.878,5.974,5.788,5.816,10379.51,60367.23016
1718668800,2024-06-18 00:00:00,DOT/USD,6.057,6.057,5.500,5.772,39332.66,227028.11352000004
1718582400,2024-06-17 00:00:00,DOT/USD,6.380,6.410,5.900,6.100,21752.08,132687.688
1718496000,2024-06-16 00:00:00,DOT/USD,6.214,6.395,6.161,6.388,9540.03,60941.71164
1718409600,2024-06-15 00:00:00,DOT/USD,6.160,6.235,6.114,6.225,7400.60,46068.735
1718323200,2024-06-14 00:00:00,DOT/USD,6.326,6.460,6.000,6.163,39061.65,240736.94895000002
1718236800,2024-06-13 00:00:00,DOT/USD,6.719,6.719,6.359,6.360,12003.26,76340.7336
1718150400,2024-06-12 00:00:00,DOT/USD,6.399,6.847,6.352,6.743,22116.52,149131.69436000002
1718064000,2024-06-11 00:00:00,DOT/USD,6.473,6.519,6.250,6.400,9492.10,60749.44
1717977600,2024-06-10 00:00:00,DOT/USD,6.522,6.576,6.407,6.514,21264.88,138519.42832
1717891200,2024-06-09 00:00:00,DOT/USD,6.414,6.528,6.388,6.525,13390.17,87370.85925000001
1717804800,2024-06-08 00:00:00,DOT/USD,6.634,6.649,6.370,6.385,5296.95,33821.02575
1717718400,2024-06-07 00:00:00,DOT/USD,7.104,7.255,6.192,6.663,55971.19,372936.03897000005
1717632000,2024-06-06 00:00:00,DOT/USD,7.271,7.285,7.063,7.141,11645.55,83160.87255
1717545600,2024-06-05 00:00:00,DOT/USD,7.231,7.284,7.174,7.222,10655.72,76955.60984
1717459200,2024-06-04 00:00:00,DOT/USD,7.003,7.208,6.943,7.175,5237.65,37580.13875
1717372800,2024-06-03 00:00:00,DOT/USD,6.981,7.189,6.949,7.007,26853.40,188161.7738
1717286400,2024-06-02 00:00:00,DOT/USD,7.051,7.095,6.926,6.988,2707.56,18920.42928
1717200000,2024-06-01 00:00:00,DOT/USD,6.991,7.127,6.953,7.058,3479.07,24555.27606
1717113600,2024-05-31 00:00:00,DOT/USD,6.970,7.044,6.800,6.983,36638.68,255847.90243999998
1717027200,2024-05-30 00:00:00,DOT/USD,7.181,7.215,6.951,7.002,14231.58,99649.52316
1716940800,2024-05-29 00:00:00,DOT/USD,7.371,7.546,7.138,7.166,40827.92,292572.87472
1716854400,2024-05-28 00:00:00,DOT/USD,7.639,7.649,7.280,7.368,10208.59,75216.89112
1716768000,2024-05-27 00:00:00,DOT/USD,7.552,7.746,7.386,7.636,15548.80,118730.6368
1716681600,2024-05-26 00:00:00,DOT/USD,7.450,7.639,7.401,7.553,14664.25,110759.08025
1716595200,2024-05-25 00:00:00,DOT/USD,7.233,7.403,7.231,7.403,10831.66,80186.77897999999
1716508800,2024-05-24 00:00:00,DOT/USD,7.190,7.360,7.038,7.241,25863.69,187278.97929
1716422400,2024-05-23 00:00:00,DOT/USD,7.465,7.597,6.930,7.199,21883.47,157539.10053
1716336000,2024-05-22 00:00:00,DOT/USD,7.631,7.690,7.386,7.455,39223.83,292413.65265
1716249600,2024-05-21 00:00:00,DOT/USD,7.598,7.655,7.453,7.620,32651.32,248803.0584
1716163200,2024-05-20 00:00:00,DOT/USD,6.937,7.580,6.897,7.580,19382.05,146915.93899999998
1716076800,2024-05-19 00:00:00,DOT/USD,7.085,7.117,6.915,6.951,7167.39,49820.52789
1715990400,2024-05-18 00:00:00,DOT/USD,7.184,7.208,7.074,7.129,5703.87,40662.88922999999
1715904000,2024-05-17 00:00:00,DOT/USD,7.041,7.278,7.006,7.185,16000.44,114963.1614
1715817600,2024-05-16 00:00:00,DOT/USD,6.972,7.032,6.836,7.027,21471.78,150882.19806
1715731200,2024-05-15 00:00:00,DOT/USD,6.531,7.002,6.479,6.963,30068.55,209367.31365
1715644800,2024-05-14 00:00:00,DOT/USD,6.663,6.670,6.503,6.503,9776.64,63577.48992
1715558400,2024-05-13 00:00:00,DOT/USD,6.664,6.800,6.456,6.670,37472.15,249939.2405
1715472000,2024-05-12 00:00:00,DOT/USD,6.705,6.742,6.618,6.618,317.31,2099.9575800000002
1715385600,2024-05-11 00:00:00,DOT/USD,6.739,6.806,6.648,6.694,5157.92,34527.11648
1715299200,2024-05-10 00:00:00,DOT/USD,7.017,7.116,6.735,6.756,7651.94,51696.50664
1715212800,2024-05-09 00:00:00,DOT/USD,6.983,7.054,6.800,7.030,12895.51,90655.43530000001
1715126400,2024-05-08 00:00:00,DOT/USD,7.008,7.159,6.920,6.985,31922.21,222976.63685
1715040000,2024-05-07 00:00:00,DOT/USD,7.139,7.283,7.004,7.009,19550.78,137031.41702
1714953600,2024-05-06 00:00:00,DOT/USD,7.299,7.429,7.140,7.172,32731.56,234750.74832
1714867200,2024-05-05 00:00:00,DOT/USD,7.127,7.397,7.029,7.310,15586.11,113934.4641
1714780800,2024-05-04 00:00:00,DOT/USD,7.241,7.241,7.111,7.137,35484.66,253254.01842
1714694400,2024-05-03 00:00:00,DOT/USD,7.295,7.389,7.018,7.259,47797.01,346958.49559
1714608000,2024-05-02 00:00:00,DOT/USD,6.884,7.374,6.780,7.279,33392.34,243062.84285999998
1714521600,2024-05-01 00:00:00,DOT/USD,6.399,6.912,6.132,6.851,41129.06,281775.19006
1714435200,2024-04-30 00:00:00,DOT/USD,6.583,6.639,6.065,6.440,56349.13,362888.3972
1714348800,2024-04-29 00:00:00,DOT/USD,6.776,6.811,6.479,6.650,25917.15,172349.04750000002
1714262400,2024-04-28 00:00:00,DOT/USD,6.845,6.934,6.773,6.779,5659.70,38367.1063
1714176000,2024-04-27 00:00:00,DOT/USD,6.776,6.831,6.554,6.735,16609.53,111865.18454999999
1714089600,2024-04-26 00:00:00,DOT/USD,6.856,6.941,6.727,6.759,38293.45,258825.42854999998
1714003200,2024-04-25 00:00:00,DOT/USD,6.935,6.982,6.706,6.861,34996.20,240108.92819999997
1713916800,2024-04-24 00:00:00,DOT/USD,7.263,7.462,6.869,6.909,30064.29,207714.17961
1713830400,2024-04-23 00:00:00,DOT/USD,7.477,7.490,7.228,7.239,18956.94,137229.28866
1713744000,2024-04-22 00:00:00,DOT/USD,7.148,7.574,7.113,7.548,21842.87,164869.98275999998
1713657600,2024-04-21 00:00:00,DOT/USD,7.229,7.287,6.980,7.129,13063.81,93131.90148999999
1713571200,2024-04-20 00:00:00,DOT/USD,6.681,7.273,6.617,7.217,71641.10,517033.8187
1713484800,2024-04-19 00:00:00,DOT/USD,6.775,6.908,6.292,6.705,69447.91,465648.23655000003
1713398400,2024-04-18 00:00:00,DOT/USD,6.583,6.817,6.462,6.777,56669.88,384051.77676
1713312000,2024-04-17 00:00:00,DOT/USD,6.688,6.751,6.331,6.583,18771.60,123573.44279999999
1713225600,2024-04-16 00:00:00,DOT/USD,6.697,6.810,6.411,6.701,6623.18,44381.92918
1713139200,2024-04-15 00:00:00,DOT/USD,6.803,7.197,6.501,6.716,22477.54,150959.15864
1713052800,2024-04-14 00:00:00,DOT/USD,6.368,6.917,6.209,6.862,20717.90,142166.2298
1712966400,2024-04-13 00:00:00,DOT/USD,7.232,7.321,5.747,6.381,115890.07,739494.5366700001
1712880000,2024-04-12 00:00:00,DOT/USD,8.382,8.483,6.621,7.241,65205.11,472150.20151
1712793600,2024-04-11 00:00:00,DOT/USD,8.383,8.519,8.190,8.343,66619.90,555809.8256999999
1712707200,2024-04-10 00:00:00,DOT/USD,8.637,8.688,8.128,8.426,154744.34,1303875.80884
1712620800,2024-04-09 00:00:00,DOT/USD,9.070,9.097,8.637,8.648,40894.43,353655.03064
1712534400,2024-04-08 00:00:00,DOT/USD,8.674,9.077,8.593,9.060,8503.44,77041.1664
1712448000,2024-04-07 00:00:00,DOT/USD,8.473,8.751,8.473,8.694,24793.33,215553.21102000005
1712361600,2024-04-06 00:00:00,DOT/USD,8.364,8.545,8.348,8.497,13993.43,118902.17471
1712275200,2024-04-05 00:00:00,DOT/USD,8.485,8.510,8.092,8.403,18853.08,158422.43124000003
1712188800,2024-04-04 00:00:00,DOT/USD,8.451,8.682,8.369,8.480,13457.75,114121.72
1712102400,2024-04-03 00:00:00,DOT/USD,8.604,8.767,8.289,8.421,26012.21,219048.82041
1712016000,2024-04-02 00:00:00,DOT/USD,9.056,9.123,8.382,8.649,32979.94,285243.50106
1711929600,2024-04-01 00:00:00,DOT/USD,9.651,9.737,8.974,9.162,22306.99,204376.64238000003
1711843200,2024-03-31 00:00:00,DOT/USD,9.429,9.627,9.429,9.627,6819.52,65651.51904000001
1711756800,2024-03-30 00:00:00,DOT/USD,9.593,9.680,9.411,9.422,5368.13,50578.520860000004
1711670400,2024-03-29 00:00:00,DOT/USD,9.428,9.800,9.363,9.558,18086.68,172872.48744
1711584000,2024-03-28 00:00:00,DOT/USD,9.437,9.623,9.299,9.523,71159.01,677647.25223
1711497600,2024-03-27 00:00:00,DOT/USD,9.683,9.805,9.320,9.408,30209.64,284212.29312
1711411200,2024-03-26 00:00:00,DOT/USD,9.850,10.048,9.535,9.686,39522.78,382817.64707999997
1711324800,2024-03-25 00:00:00,DOT/USD,9.350,9.821,9.300,9.725,25595.92,248920.322
1711238400,2024-03-24 00:00:00,DOT/USD,9.115,9.421,8.958,9.372,9058.83,84899.35476
1711152000,2024-03-23 00:00:00,DOT/USD,8.914,9.197,8.914,8.976,14390.99,129173.52624
1711065600,2024-03-22 00:00:00,DOT/USD,9.213,9.344,8.715,8.935,44870.53,400918.18555
1710979200,2024-03-21 00:00:00,DOT/USD,9.472,9.583,9.077,9.179,85284.21,782823.7635900001
1710892800,2024-03-20 00:00:00,DOT/USD,8.855,9.554,8.502,9.491,74886.33,710746.1580299999
1710806400,2024-03-19 00:00:00,DOT/USD,9.896,9.934,8.620,8.753,47764.08,418078.99224
1710720000,2024-03-18 00:00:00,DOT/USD,9.980,10.393,9.678,9.882,28215.03,278820.92646
1710633600,2024-03-17 00:00:00,DOT/USD,9.753,10.220,9.200,10.062,33912.38,341226.3675599999
1710547200,2024-03-16 00:00:00,DOT/USD,10.831,10.831,9.529,9.722,65964.33,641305.21626
1710460800,2024-03-15 00:00:00,DOT/USD,11.639,11.678,10.000,10.839,83847.30,908820.8847
1710374400,2024-03-14 00:00:00,DOT/USD,11.383,11.887,10.686,11.563,51335.54,593592.8490200001
1710288000,2024-03-13 00:00:00,DOT/USD,10.754,11.367,10.696,11.367,53125.49,603877.44483
1710201600,2024-03-12 00:00:00,DOT/USD,11.048,11.138,10.007,10.736,65090.94,698816.3318400001
1710115200,2024-03-11 00:00:00,DOT/USD,10.247,11.244,10.067,11.066,61208.46,677332.81836
1710028800,2024-03-10 00:00:00,DOT/USD,10.505,10.573,10.000,10.202,8072.32,82353.80864
1709942400,2024-03-09 00:00:00,DOT/USD,10.637,10.934,10.475,10.541,27348.60,288281.5926
1709856000,2024-03-08 00:00:00,DOT/USD,10.471,10.728,10.048,10.667,67055.04,715276.11168
1709769600,2024-03-07 00:00:00,DOT/USD,10.564,11.013,10.287,10.456,43730.24,457243.38943999994
1709683200,2024-03-06 00:00:00,DOT/USD,9.365,10.537,8.932,10.466,55048.00,576132.368
1709596800,2024-03-05 00:00:00,DOT/USD,9.894,10.710,8.302,9.376,122344.42,1147101.28192
1709510400,2024-03-04 00:00:00,DOT/USD,9.817,10.315,9.660,9.851,41616.33,409962.46683000005
1709424000,2024-03-03 00:00:00,DOT/USD,9.461,9.894,8.826,9.796,22294.18,218393.78728
1709337600,2024-03-02 00:00:00,DOT/USD,8.750,9.451,8.687,9.451,30379.93,287120.71843
1709251200,2024-03-01 00:00:00,DOT/USD,8.282,8.672,8.282,8.672,12956.50,112358.76800000001
1709164800,2024-02-29 00:00:00,DOT/USD,8.412,8.896,8.081,8.261,43554.52,359803.8897199999
1709078400,2024-02-28 00:00:00,DOT/USD,8.346,8.719,7.794,8.375,25638.72,214724.28
1708992000,2024-02-27 00:00:00,DOT/USD,8.102,8.449,8.018,8.357,31579.05,263906.12084999995
1708905600,2024-02-26 00:00:00,DOT/USD,7.915,8.097,7.610,8.087,23674.83,191458.35021
1708819200,2024-02-25 00:00:00,DOT/USD,7.790,7.929,7.686,7.924,10307.26,81674.72824000001
1708732800,2024-02-24 00:00:00,DOT/USD,7.602,7.863,7.602,7.820,4817.27,37671.051400000004
1708646400,2024-02-23 00:00:00,DOT/USD,7.465,7.635,7.274,7.526,6904.24,51961.31024
1708560000,2024-02-22 00:00:00,DOT/USD,7.332,7.662,7.332,7.478,11314.84,84612.37352
1708473600,2024-02-21 00:00:00,DOT/USD,7.710,7.729,7.250,7.487,16262.13,121754.56731
1708387200,2024-02-20 00:00:00,DOT/USD,8.004,8.004,7.415,7.737,13533.79,104710.93323000001
1708300800,2024-02-19 00:00:00,DOT/USD,7.866,8.141,7.669,8.141,8006.95,65184.57995
1708214400,2024-02-18 00:00:00,DOT/USD,7.770,7.911,7.737,7.911,3819.03,30212.34633
1708128000,2024-02-17 00:00:00,DOT/USD,7.648,7.654,7.387,7.653,4300.15,32909.04794999999
1708041600,2024-02-16 00:00:00,DOT/USD,7.773,7.869,7.548,7.573,9057.85,68595.09805
1707955200,2024-02-15 00:00:00,DOT/USD,7.690,7.926,7.600,7.776,36474.99,283629.52223999996
1707868800,2024-02-14 00:00:00,DOT/USD,7.367,7.706,7.295,7.666,37367.59,286459.94494
1707782400,2024-02-13 00:00:00,DOT/USD,7.379,7.449,7.159,7.368,12303.05,90648.8724
1707696000,2024-02-12 00:00:00,DOT/USD,7.140,7.362,6.990,7.340,42323.50,310654.49
1707609600,2024-02-11 00:00:00,DOT/USD,7.192,7.300,7.089,7.102,6752.73,47957.88846
1707523200,2024-02-10 00:00:00,DOT/USD,7.267,7.292,7.075,7.225,6941.52,50152.482
1707436800,2024-02-09 00:00:00,DOT/USD,7.002,7.301,6.969,7.222,13193.62,95284.32364000002
1707350400,2024-02-08 00:00:00,DOT/USD,6.957,7.104,6.877,7.033,17844.31,125499.03223000001
1707264000,2024-02-07 00:00:00,DOT/USD,6.806,6.951,6.675,6.940,26842.94,186290.0036
1707177600,2024-02-06 00:00:00,DOT/USD,6.688,6.831,6.677,6.807,30948.31,210665.14617000002
1707091200,2024-02-05 00:00:00,DOT/USD,6.654,6.962,6.640,6.701,24718.66,165639.74065999998
1707004800,2024-02-04 00:00:00,DOT/USD,6.761,6.814,6.692,6.703,478.80,3209.3964
1706918400,2024-02-03 00:00:00,DOT/USD,6.945,6.945,6.829,6.829,19373.38,132300.81202
1706832000,2024-02-02 00:00:00,DOT/USD,6.828,6.992,6.760,6.947,13591.92,94423.06824000001
1706745600,2024-02-01 00:00:00,DOT/USD,6.674,6.799,6.588,6.770,10291.06,69670.47619999999
1706659200,2024-01-31 00:00:00,DOT/USD,6.817,6.875,6.609,6.637,15853.17,105217.48929
1706572800,2024-01-30 00:00:00,DOT/USD,7.002,7.091,6.830,6.830,53306.16,364081.0728
1706486400,2024-01-29 00:00:00,DOT/USD,6.822,7.294,6.724,7.067,33543.24,237050.07708
1706400000,2024-01-28 00:00:00,DOT/USD,6.661,6.788,6.600,6.729,3973.23,26735.86467
1706313600,2024-01-27 00:00:00,DOT/USD,6.699,6.699,6.548,6.681,950.24,6348.55344
1706227200,2024-01-26 00:00:00,DOT/USD,6.414,6.716,6.360,6.676,8723.72,58239.55472
1706140800,2024-01-25 00:00:00,DOT/USD,6.469,6.541,6.351,6.439,10017.85,64504.93615
1706054400,2024-01-24 00:00:00,DOT/USD,6.386,6.530,6.290,6.456,11270.46,72762.08976
1705968000,2024-01-23 00:00:00,DOT/USD,6.352,6.660,5.990,6.350,47575.20,302102.51999999996
1705881600,2024-01-22 00:00:00,DOT/USD,6.704,6.769,6.346,6.360,34504.19,219446.64840000003
1705795200,2024-01-21 00:00:00,DOT/USD,6.899,6.928,6.863,6.863,651.78,4473.16614
1705708800,2024-01-20 00:00:00,DOT/USD,6.828,6.899,6.800,6.899,678.12,4678.34988
1705622400,2024-01-19 00:00:00,DOT/USD,6.960,7.016,6.600,6.823,23100.70,157616.0761
1705536000,2024-01-18 00:00:00,DOT/USD,7.343,7.343,6.864,7.029,8660.05,60871.491449999994
1705449600,2024-01-17 00:00:00,DOT/USD,7.485,7.597,7.281,7.284,17431.67,126972.28427999998
1705363200,2024-01-16 00:00:00,DOT/USD,7.563,7.585,7.374,7.494,23741.40,177918.0516
1705276800,2024-01-15 00:00:00,DOT/USD,7.409,7.658,7.400,7.543,2334.17,17606.64431
1705190400,2024-01-14 00:00:00,DOT/USD,7.652,7.685,7.400,7.400,9447.56,69911.944
1705104000,2024-01-13 00:00:00,DOT/USD,7.550,7.743,7.397,7.652,9818.14,75128.40728
1705017600,2024-01-12 00:00:00,DOT/USD,8.144,8.200,7.338,7.553,27899.73,210726.66069
1704931200,2024-01-11 00:00:00,DOT/USD,7.979,8.599,7.894,8.176,66543.95,544063.3352
1704844800,2024-01-10 00:00:00,DOT/USD,7.178,8.079,6.910,7.992,56093.60,448300.0512
1704758400,2024-01-09 00:00:00,DOT/USD,7.495,7.519,6.958,7.112,9475.11,67386.98232000001
1704672000,2024-01-08 00:00:00,DOT/USD,6.869,7.482,6.542,7.454,23647.52,176268.61408
1704585600,2024-01-07 00:00:00,DOT/USD,7.221,7.497,6.874,6.874,7113.06,48895.17444
1704499200,2024-01-06 00:00:00,DOT/USD,7.432,7.435,6.975,7.156,4642.24,33219.869439999995
1704412800,2024-01-05 00:00:00,DOT/USD,7.956,7.956,7.200,7.424,2250.90,16710.6816
1704326400,2024-01-04 00:00:00,DOT/USD,7.958,7.996,7.533,7.882,8342.21,65753.29921999999
1704240000,2024-01-03 00:00:00,DOT/USD,8.441,9.492,5.000,7.644,117734.22,899960.37768
1704153600,2024-01-02 00:00:00,DOT/USD,8.684,8.820,8.370,8.416,27069.83,227819.68928000002
1704067200,2024-01-01 00:00:00,DOT/USD,8.263,8.999,8.142,8.591,6945.27,59666.81457
1703980800,2023-12-31 00:00:00,DOT/USD,8.369,8.626,8.161,8.176,8730.61,71381.46736000001
1703894400,2023-12-30 00:00:00,DOT/USD,8.375,8.424,8.181,8.370,6116.79,51197.53229999999
1703808000,2023-12-29 00:00:00,DOT/USD,8.444,8.631,8.108,8.225,18227.30,149919.54249999998
1703721600,2023-12-28 00:00:00,DOT/USD,8.671,8.901,8.300,8.477,19012.69,161170.57313
1703635200,2023-12-27 00:00:00,DOT/USD,8.753,8.998,8.500,8.685,9587.61,83268.39285
1703548800,2023-12-26 00:00:00,DOT/USD,9.400,9.503,8.400,8.743,23474.09,205233.96887
1703462400,2023-12-25 00:00:00,DOT/USD,8.726,9.425,8.550,9.288,68639.81,637526.55528
1703376000,2023-12-24 00:00:00,DOT/USD,8.500,9.294,8.408,8.625,28716.22,247677.39750000002
1703289600,2023-12-23 00:00:00,DOT/USD,7.839,8.455,7.600,8.343,10631.65,88699.85595
1703203200,2023-12-22 00:00:00,DOT/USD,8.437,8.573,7.844,7.958,27786.97,221128.70726000002
1703116800,2023-12-21 00:00:00,DOT/USD,6.955,8.400,6.955,8.400,27132.90,227916.36000000002
1703030400,2023-12-20 00:00:00,DOT/USD,6.733,7.086,6.664,6.926,10112.65,70040.2139
1702944000,2023-12-19 00:00:00,DOT/USD,6.859,7.001,6.632,6.678,19192.07,128164.64345999999
1702857600,2023-12-18 00:00:00,DOT/USD,6.818,6.856,6.383,6.836,49011.12,335040.01632000005
1702771200,2023-12-17 00:00:00,DOT/USD,7.037,7.066,6.853,6.853,2354.42,16134.840259999999
1702684800,2023-12-16 00:00:00,DOT/USD,7.025,7.306,6.880,7.076,26109.05,184747.6378
1702598400,2023-12-15 00:00:00,DOT/USD,7.544,7.555,6.980,7.002,3469.62,24294.27924
1702512000,2023-12-14 00:00:00,DOT/USD,7.587,7.606,6.991,7.593,16102.67,122267.57331
1702425600,2023-12-13 00:00:00,DOT/USD,7.146,7.638,6.641,7.638,22747.54,173745.71052
1702339200,2023-12-12 00:00:00,DOT/USD,6.749,7.283,6.746,7.113,86249.15,613490.20395
1702252800,2023-12-11 00:00:00,DOT/USD,7.326,7.336,6.201,6.696,16574.74,110984.45904
1702166400,2023-12-10 00:00:00,DOT/USD,7.139,7.899,7.000,7.301,7249.09,52925.60609
1702080000,2023-12-09 00:00:00,DOT/USD,6.920,7.682,6.920,7.082,14918.90,105655.6498
1701993600,2023-12-08 00:00:00,DOT/USD,6.195,6.900,6.195,6.861,13766.95,94455.04395
1701907200,2023-12-07 00:00:00,DOT/USD,6.074,6.429,5.958,6.249,46845.31,292736.34219
1701820800,2023-12-06 00:00:00,DOT/USD,5.943,6.287,5.800,6.090,12818.05,78061.9245
1701734400,2023-12-05 00:00:00,DOT/USD,5.677,5.939,5.523,5.939,6851.41,40690.52399
1701648000,2023-12-04 00:00:00,DOT/USD,5.625,5.709,5.471,5.573,15730.07,87663.68011
1701561600,2023-12-03 00:00:00,DOT/USD,5.580,5.584,5.451,5.579,2632.24,14685.266959999997
1701475200,2023-12-02 00:00:00,DOT/USD,5.528,5.681,5.471,5.568,2888.62,16083.836159999999
1701388800,2023-12-01 00:00:00,DOT/USD,5.431,5.491,5.388,5.480,20962.99,114877.18520000002
1701302400,2023-11-30 00:00:00,DOT/USD,5.192,5.570,5.155,5.464,8153.75,44552.090000000004
1701216000,2023-11-29 00:00:00,DOT/USD,5.272,5.357,5.158,5.170,10854.14,56115.90379999999
1701129600,2023-11-28 00:00:00,DOT/USD,5.186,5.301,5.115,5.300,5216.12,27645.435999999998
1701043200,2023-11-27 00:00:00,DOT/USD,5.375,5.375,5.081,5.122,7595.90,38906.199799999995
1700956800,2023-11-26 00:00:00,DOT/USD,5.338,5.378,5.161,5.358,2482.05,13298.8239
1700870400,2023-11-25 00:00:00,DOT/USD,5.227,5.364,5.227,5.341,14687.39,78445.34999
1700784000,2023-11-24 00:00:00,DOT/USD,5.150,5.270,5.150,5.212,16940.03,88291.43635999999
1700697600,2023-11-23 00:00:00,DOT/USD,5.200,5.200,5.110,5.110,2103.13,10746.994300000002
1700611200,2023-11-22 00:00:00,DOT/USD,4.897,5.232,4.897,5.167,5321.77,27497.585590000002
1700524800,2023-11-21 00:00:00,DOT/USD,5.293,5.315,4.828,4.899,20773.63,101770.01337
1700438400,2023-11-20 00:00:00,DOT/USD,5.473,5.564,5.314,5.322,4970.28,26451.830159999998
1700352000,2023-11-19 00:00:00,DOT/USD,5.210,5.452,5.208,5.428,733.27,3980.18956
1700265600,2023-11-18 00:00:00,DOT/USD,5.210,5.268,5.000,5.264,4712.48,24806.49472
1700179200,2023-11-17 00:00:00,DOT/USD,5.445,5.460,5.068,5.228,3761.99,19667.683719999997
1700092800,2023-11-16 00:00:00,DOT/USD,5.572,5.760,5.335,5.365,9124.50,48952.942500000005
1700006400,2023-11-15 00:00:00,DOT/USD,5.220,5.630,5.219,5.542,45227.90,250653.0218
1699920000,2023-11-14 00:00:00,DOT/USD,5.269,5.480,5.057,5.235,13500.42,70674.69870000001
1699833600,2023-11-13 00:00:00,DOT/USD,5.692,5.864,5.360,5.371,34509.38,185349.87998
1699747200,2023-11-12 00:00:00,DOT/USD,5.577,5.847,5.421,5.680,13303.66,75564.7888
1699660800,2023-11-11 00:00:00,DOT/USD,5.300,5.667,5.189,5.527,18613.72,102878.03044
1699574400,2023-11-10 00:00:00,DOT/USD,5.164,5.297,5.006,5.246,7160.42,37563.56332
1699488000,2023-11-09 00:00:00,DOT/USD,5.066,5.266,4.511,5.034,12735.65,64111.26209999999
1699401600,2023-11-08 00:00:00,DOT/USD,4.927,5.078,4.909,5.065,3249.45,16458.46425
1699315200,2023-11-07 00:00:00,DOT/USD,4.972,5.000,4.729,4.920,27344.67,134535.7764
1699228800,2023-11-06 00:00:00,DOT/USD,4.776,4.992,4.722,4.964,2668.01,13244.001640000002
1699142400,2023-11-05 00:00:00,DOT/USD,4.672,4.904,4.672,4.775,10255.28,48968.96200000001
1699056000,2023-11-04 00:00:00,DOT/USD,4.630,4.756,4.630,4.667,2357.76,11003.665920000001
1698969600,2023-11-03 00:00:00,DOT/USD,4.579,4.639,4.473,4.624,4925.89,22777.31536
1698883200,2023-11-02 00:00:00,DOT/USD,4.730,4.769,4.566,4.630,18083.70,83727.531
1698796800,2023-11-01 00:00:00,DOT/USD,4.447,4.796,4.339,4.715,13841.06,65260.59789999999
1698710400,2023-10-31 00:00:00,DOT/USD,4.531,4.600,4.300,4.417,10622.21,46918.301569999996
1698624000,2023-10-30 00:00:00,DOT/USD,4.296,4.523,4.296,4.523,10190.39,46091.133969999995
1698537600,2023-10-29 00:00:00,DOT/USD,4.142,4.336,4.142,4.336,6057.87,26266.924320000002
1698451200,2023-10-28 00:00:00,DOT/USD,4.149,4.208,4.149,4.178,1029.14,4299.7469200000005
1698364800,2023-10-27 00:00:00,DOT/USD,4.173,4.187,4.113,4.136,11882.60,49146.433600000004
1698278400,2023-10-26 00:00:00,DOT/USD,4.308,4.442,4.168,4.244,4759.16,20197.87504
1698192000,2023-10-25 00:00:00,DOT/USD,4.238,4.353,4.161,4.264,4364.26,18609.204640000004
1698105600,2023-10-24 00:00:00,DOT/USD,4.324,4.401,4.099,4.188,15882.91,66517.62707999999
1698019200,2023-10-23 00:00:00,DOT/USD,3.973,4.323,3.948,4.323,21498.08,92936.19984000002
1697932800,2023-10-22 00:00:00,DOT/USD,3.875,3.974,3.827,3.965,4287.99,17001.88035
1697846400,2023-10-21 00:00:00,DOT/USD,3.736,3.943,3.736,3.932,2291.78,9011.278960000001
1697760000,2023-10-20 00:00:00,DOT/USD,3.654,3.797,3.654,3.722,11703.24,43559.459279999995
1697673600,2023-10-19 00:00:00,DOT/USD,3.600,3.659,3.599,3.637,18673.31,67914.82847000001
1697587200,2023-10-18 00:00:00,DOT/USD,3.666,3.701,3.652,3.662,7751.22,28384.96764
1697500800,2023-10-17 00:00:00,DOT/USD,3.741,3.746,3.667,3.676,12229.51,44955.67876
1697414400,2023-10-16 00:00:00,DOT/USD,3.751,4.203,3.745,3.791,46391.82,175871.38962
1697328000,2023-10-15 00:00:00,DOT/USD,3.717,3.766,3.717,3.751,1051.71,3944.96421
1697241600,2023-10-14 00:00:00,DOT/USD,3.717,3.741,3.717,3.735,2303.01,8601.74235
1697155200,2023-10-13 00:00:00,DOT/USD,3.684,3.760,3.682,3.723,4311.26,16050.82098
1697068800,2023-10-12 00:00:00,DOT/USD,3.728,3.728,3.648,3.668,25279.32,92724.54576000001
1696982400,2023-10-11 00:00:00,DOT/USD,3.815,3.820,3.708,3.727,20638.20,76918.5714
1696896000,2023-10-10 00:00:00,DOT/USD,3.842,3.842,3.791,3.815,15818.35,60347.00525
1696809600,2023-10-09 00:00:00,DOT/USD,3.986,3.986,3.815,3.880,26056.07,101097.55159999999
1696723200,2023-10-08 00:00:00,DOT/USD,4.027,4.027,4.005,4.005,39.84,159.5592
1696636800,2023-10-07 00:00:00,DOT/USD,4.067,4.090,4.067,4.090,1716.36,7019.912399999999
1696550400,2023-10-06 00:00:00,DOT/USD,4.051,4.085,4.029,4.078,8617.19,35140.90082
1696464000,2023-10-05 00:00:00,DOT/USD,4.046,4.061,4.025,4.032,135.70,547.1424
1696377600,2023-10-04 00:00:00,DOT/USD,4.036,4.068,4.009,4.036,5374.50,21691.481999999996
1696291200,2023-10-03 00:00:00,DOT/USD,4.125,4.154,4.066,4.078,22550.32,91960.20496
1696204800,2023-10-02 00:00:00,DOT/USD,4.251,4.305,4.100,4.130,17853.30,73734.129
1696118400,2023-10-01 00:00:00,DOT/USD,4.117,4.268,4.112,4.266,3713.33,15841.065779999999
1696032000,2023-09-30 00:00:00,DOT/USD,4.074,4.117,3.950,4.117,112664.88,463841.31096000003
1695945600,2023-09-29 00:00:00,DOT/USD,4.077,4.121,4.064,4.078,25134.18,102497.18604000002
1695859200,2023-09-28 00:00:00,DOT/USD,3.988,4.104,3.988,4.080,2264.11,9237.568800000001
1695772800,2023-09-27 00:00:00,DOT/USD,4.005,4.071,3.982,3.995,10184.52,40687.157400000004
1695686400,2023-09-26 00:00:00,DOT/USD,4.075,4.075,3.980,4.008,10996.83,44075.29464
1695600000,2023-09-25 00:00:00,DOT/USD,4.028,4.078,4.028,4.053,604.41,2449.67373
1695513600,2023-09-24 00:00:00,DOT/USD,4.026,4.046,4.016,4.017,10090.97,40535.42649
1695427200,2023-09-23 00:00:00,DOT/USD,4.007,4.018,3.999,3.999,1752.65,7008.847350000001
1695340800,2023-09-22 00:00:00,DOT/USD,4.010,4.015,3.995,4.010,11126.81,44618.5081
1695254400,2023-09-21 00:00:00,DOT/USD,4.144,4.144,4.020,4.020,294.52,1183.9703999999997
1695168000,2023-09-20 00:00:00,DOT/USD,4.151,4.151,4.099,4.121,400.41,1650.0896100000002
1695081600,2023-09-19 00:00:00,DOT/USD,4.120,4.159,4.102,4.159,28909.38,120234.11142
1694995200,2023-09-18 00:00:00,DOT/USD,4.060,4.202,4.060,4.106,18173.73,74621.33537999999
1694908800,2023-09-17 00:00:00,DOT/USD,4.190,4.190,4.091,4.091,17579.53,71917.85723
1694822400,2023-09-16 00:00:00,DOT/USD,4.156,4.216,4.149,4.189,525.62,2201.82218
1694736000,2023-09-15 00:00:00,DOT/USD,4.051,4.164,4.051,4.164,19055.18,79345.76952
1694649600,2023-09-14 00:00:00,DOT/USD,4.024,4.070,4.000,4.052,37263.42,150991.37783999997
1694563200,2023-09-13 00:00:00,DOT/USD,3.984,4.054,3.979,4.008,11287.85,45241.7028
1694476800,2023-09-12 00:00:00,DOT/USD,3.980,4.072,3.980,3.989,40915.42,163211.61038
1694390400,2023-09-11 00:00:00,DOT/USD,4.100,4.127,3.937,3.988,15884.28,63346.50864
1694304000,2023-09-10 00:00:00,DOT/USD,4.231,4.231,4.110,4.152,10519.13,43675.42776
1694217600,2023-09-09 00:00:00,DOT/USD,4.245,4.263,4.240,4.240,268.13,1136.8712
1694131200,2023-09-08 00:00:00,DOT/USD,4.310,4.409,4.221,4.254,19538.93,83118.60822
1694044800,2023-09-07 00:00:00,DOT/USD,4.271,4.493,4.236,4.292,19970.31,85712.57052000001
1693958400,2023-09-06 00:00:00,DOT/USD,4.253,4.270,4.200,4.270,40201.57,171660.7039
1693872000,2023-09-05 00:00:00,DOT/USD,4.270,4.296,4.234,4.260,12144.92,51737.3592
1693785600,2023-09-04 00:00:00,DOT/USD,4.262,4.299,4.200,4.234,21890.91,92686.11294
1693699200,2023-09-03 00:00:00,DOT/USD,4.274,4.289,4.262,4.264,586.81,2502.15784
1693612800,2023-09-02 00:00:00,DOT/USD,4.212,4.265,4.212,4.265,230.77,984.23405
1693526400,2023-09-01 00:00:00,DOT/USD,4.266,4.282,4.170,4.209,58930.74,248039.48465999996
1693440000,2023-08-31 00:00:00,DOT/USD,4.498,4.621,4.254,4.621,26070.24,120470.57904000003
1693353600,2023-08-30 00:00:00,DOT/USD,4.644,4.656,4.358,4.547,8464.04,38485.98988
1693267200,2023-08-29 00:00:00,DOT/USD,4.614,4.801,4.546,4.670,2586.82,12080.449400000001
1693180800,2023-08-28 00:00:00,DOT/USD,4.455,4.599,4.424,4.599,701.89,3227.99211
1693094400,2023-08-27 00:00:00,DOT/USD,4.526,4.526,4.472,4.502,2711.57,12207.48814
1693008000,2023-08-26 00:00:00,DOT/USD,4.495,4.515,4.476,4.503,5061.11,22790.17833
1692921600,2023-08-25 00:00:00,DOT/USD,4.427,4.495,4.358,4.481,24210.11,108485.50291
1692835200,2023-08-24 00:00:00,DOT/USD,4.496,4.511,4.389,4.414,46910.52,207063.03527999998
1692748800,2023-08-23 00:00:00,DOT/USD,4.408,4.528,4.394,4.486,30784.30,138098.3698
1692662400,2023-08-22 00:00:00,DOT/USD,4.438,4.438,4.296,4.363,1093.41,4770.54783
1692576000,2023-08-21 00:00:00,DOT/USD,4.522,4.522,4.401,4.429,200.76,889.1660400000001
1692489600,2023-08-20 00:00:00,DOT/USD,4.482,4.525,4.482,4.513,3072.42,13865.83146
1692403200,2023-08-19 00:00:00,DOT/USD,4.526,4.531,4.467,4.507,3701.74,16683.742179999997
1692316800,2023-08-18 00:00:00,DOT/USD,4.431,4.540,4.376,4.513,11959.19,53971.82447
1692230400,2023-08-17 00:00:00,DOT/USD,4.626,4.801,4.337,4.491,41731.64,187416.79523999998
1692144000,2023-08-16 00:00:00,DOT/USD,4.809,4.828,4.610,4.624,11335.85,52416.9704
1692057600,2023-08-15 00:00:00,DOT/USD,4.992,4.992,4.660,4.794,6021.15,28865.393099999998
1691971200,2023-08-14 00:00:00,DOT/USD,4.999,5.003,4.971,4.975,16077.77,79986.90574999999
1691884800,2023-08-13 00:00:00,DOT/USD,5.026,5.033,4.990,5.026,395.15,1986.0239
1691798400,2023-08-12 00:00:00,DOT/USD,5.005,5.010,4.986,4.996,5092.02,25439.731920000006
1691712000,2023-08-11 00:00:00,DOT/USD,5.005,5.007,4.960,5.007,5528.88,27683.10216
1691625600,2023-08-10 00:00:00,DOT/USD,5.055,5.055,4.976,4.979,5763.34,28695.66986
1691539200,2023-08-09 00:00:00,DOT/USD,5.035,5.088,5.007,5.037,6924.21,34877.24577
1691452800,2023-08-08 00:00:00,DOT/USD,4.923,5.093,4.915,5.071,2302.99,11678.462289999998
1691366400,2023-08-07 00:00:00,DOT/USD,5.007,5.007,4.830,4.939,7287.79,35994.39481
1691280000,2023-08-06 00:00:00,DOT/USD,4.974,5.012,4.966,5.002,1151.83,5761.453659999999
1691193600,2023-08-05 00:00:00,DOT/USD,4.966,4.978,4.929,4.965,209.35,1039.42275
1691107200,2023-08-04 00:00:00,DOT/USD,4.968,5.032,4.944,4.969,1545.24,7678.297560000001
1691020800,2023-08-03 00:00:00,DOT/USD,5.029,5.038,4.943,4.972,16336.79,81226.51988
1690934400,2023-08-02 00:00:00,DOT/USD,5.162,5.162,5.030,5.069,17315.40,87771.7626
1690848000,2023-08-01 00:00:00,DOT/USD,5.088,5.188,4.984,5.185,4460.42,23127.2777
1690761600,2023-07-31 00:00:00,DOT/USD,5.210,5.229,5.093,5.104,5192.06,26500.274240000002
1690675200,2023-07-30 00:00:00,DOT/USD,5.215,5.244,5.138,5.178,15684.16,81212.58048
1690588800,2023-07-29 00:00:00,DOT/USD,5.198,5.255,5.198,5.253,2289.29,12025.64037
1690502400,2023-07-28 00:00:00,DOT/USD,5.226,5.275,5.163,5.204,61389.62,319471.58248
1690416000,2023-07-27 00:00:00,DOT/USD,5.203,5.325,5.176,5.207,3089.73,16088.22411
1690329600,2023-07-26 00:00:00,DOT/USD,5.152,5.253,5.152,5.231,50.11,262.12541
1690243200,2023-07-25 00:00:00,DOT/USD,5.210,5.251,5.141,5.161,47018.46,242662.27206
1690156800,2023-07-24 00:00:00,DOT/USD,5.401,5.419,5.146,5.203,44085.64,229377.58492000002
1690070400,2023-07-23 00:00:00,DOT/USD,5.288,5.473,5.284,5.415,7011.43,37966.89345
1689984000,2023-07-22 00:00:00,DOT/USD,5.475,5.475,5.307,5.363,2161.24,11590.73012
1689897600,2023-07-21 00:00:00,DOT/USD,5.362,5.700,5.362,5.496,25972.02,142742.22192
1689811200,2023-07-20 00:00:00,DOT/USD,5.235,5.435,5.227,5.378,9565.92,51445.51776
1689724800,2023-07-19 00:00:00,DOT/USD,5.195,5.257,5.147,5.189,938.65,4870.65485
1689638400,2023-07-18 00:00:00,DOT/USD,5.389,5.389,5.140,5.169,3355.80,17346.1302
1689552000,2023-07-17 00:00:00,DOT/USD,5.354,5.387,5.190,5.207,4095.26,21324.01882
1689465600,2023-07-16 00:00:00,DOT/USD,5.335,5.400,5.280,5.333,3968.01,21161.397330000003
1689379200,2023-07-15 00:00:00,DOT/USD,5.414,5.485,5.414,5.426,3247.67,17621.85742
1689292800,2023-07-14 00:00:00,DOT/USD,5.650,6.284,5.267,5.392,11495.74,61985.030080000004
1689206400,2023-07-13 00:00:00,DOT/USD,5.116,5.649,5.093,5.545,3572.99,19812.22955
1689120000,2023-07-12 00:00:00,DOT/USD,5.252,5.305,5.121,5.145,1062.36,5465.842199999999
1689033600,2023-07-11 00:00:00,DOT/USD,5.104,5.205,5.103,5.205,2923.69,15217.80645
1688947200,2023-07-10 00:00:00,DOT/USD,5.000,5.233,5.000,5.114,613.01,3134.93314
1688860800,2023-07-09 00:00:00,DOT/USD,5.107,5.128,5.088,5.099,168.58,859.5894200000001
1688774400,2023-07-08 00:00:00,DOT/USD,5.139,5.194,5.070,5.110,661.83,3381.9513000000006
1688688000,2023-07-07 00:00:00,DOT/USD,4.984,5.163,4.984,5.114,2123.04,10857.22656
1688601600,2023-07-06 00:00:00,DOT/USD,5.192,5.346,5.078,5.145,2048.47,10539.378149999999
1688515200,2023-07-05 00:00:00,DOT/USD,5.349,5.350,5.177,5.213,2517.72,13124.87436
1688428800,2023-07-04 00:00:00,DOT/USD,5.421,5.515,5.253,5.283,2346.63,12397.246290000001
1688342400,2023-07-03 00:00:00,DOT/USD,5.532,5.591,5.400,5.400,6993.21,37763.334
1688256000,2023-07-02 00:00:00,DOT/USD,5.278,5.508,5.240,5.494,756.03,4153.62882
1688169600,2023-07-01 00:00:00,DOT/USD,5.200,5.352,5.126,5.266,978.86,5154.67676
1688083200,2023-06-30 00:00:00,DOT/USD,4.952,5.203,4.906,5.163,2687.28,13874.426640000001
1687996800,2023-06-29 00:00:00,DOT/USD,4.893,5.180,4.893,4.949,884.99,4379.81551
1687910400,2023-06-28 00:00:00,DOT/USD,5.014,5.091,4.870,4.884,702.59,3431.4495600000005
1687824000,2023-06-27 00:00:00,DOT/USD,4.988,5.134,4.988,5.095,1349.12,6873.7663999999995
1687737600,2023-06-26 00:00:00,DOT/USD,5.135,5.208,5.015,5.017,1298.03,6512.21651
1687651200,2023-06-25 00:00:00,DOT/USD,5.026,5.180,5.010,5.166,1074.69,5551.848540000001
1687564800,2023-06-24 00:00:00,DOT/USD,5.104,5.129,4.943,4.995,2752.64,13749.4368
1687478400,2023-06-23 00:00:00,DOT/USD,4.856,5.147,4.854,5.045,5593.68,28220.1156
1687392000,2023-06-22 00:00:00,DOT/USD,4.856,4.922,4.777,4.848,4119.12,19969.493759999998
1687305600,2023-06-21 00:00:00,DOT/USD,4.666,4.856,4.655,4.784,8631.84,41294.72256
1687219200,2023-06-20 00:00:00,DOT/USD,4.520,4.672,4.410,4.660,2853.24,13296.098399999999
1687132800,2023-06-19 00:00:00,DOT/USD,4.547,4.566,4.469,4.513,2824.39,12746.47207
1687046400,2023-06-18 00:00:00,DOT/USD,4.535,4.607,4.525,4.525,1174.90,5316.422500000001
1686960000,2023-06-17 00:00:00,DOT/USD,4.410,4.546,4.402,4.525,802.32,3630.4980000000005
1686873600,2023-06-16 00:00:00,DOT/USD,4.365,4.439,4.318,4.412,3773.23,16647.49076
1686787200,2023-06-15 00:00:00,DOT/USD,4.601,4.601,4.283,4.370,2662.91,11636.9167
1686700800,2023-06-14 00:00:00,DOT/USD,4.626,4.740,4.512,4.579,2528.56,11578.27624
1686614400,2023-06-13 00:00:00,DOT/USD,4.529,4.623,4.529,4.620,98.50,455.07
1686528000,2023-06-12 00:00:00,DOT/USD,4.430,4.547,4.430,4.538,2646.29,12008.86402
1686441600,2023-06-11 00:00:00,DOT/USD,4.485,4.542,4.422,4.500,6478.79,29154.555
1686355200,2023-06-10 00:00:00,DOT/USD,4.975,4.975,4.222,4.531,12844.78,58199.69818
1686268800,2023-06-09 00:00:00,DOT/USD,4.978,5.060,4.972,5.000,1284.07,6420.349999999999
1686182400,2023-06-08 00:00:00,DOT/USD,5.053,5.061,4.988,5.001,406.81,2034.4568100000001
1686096000,2023-06-07 00:00:00,DOT/USD,5.155,5.264,4.990,5.022,36596.13,183785.76486
1686009600,2023-06-06 00:00:00,DOT/USD,5.078,5.263,5.000,5.220,7765.84,40537.684799999995
1685923200,2023-06-05 00:00:00,DOT/USD,5.325,5.325,4.998,5.082,5215.99,26507.66118
1685836800,2023-06-04 00:00:00,DOT/USD,5.367,5.393,5.329,5.342,303.64,1622.04488
1685750400,2023-06-03 00:00:00,DOT/USD,5.266,5.327,5.265,5.291,1383.04,7317.66464
1685664000,2023-06-02 00:00:00,DOT/USD,5.200,5.290,5.170,5.264,1673.00,8806.672
1685577600,2023-06-01 00:00:00,DOT/USD,5.306,5.306,5.200,5.200,8460.10,43992.520000000004
1685491200,2023-05-31 00:00:00,DOT/USD,5.447,5.450,5.283,5.311,1955.57,10386.03227
1685404800,2023-05-30 00:00:00,DOT/USD,5.452,5.507,5.436,5.440,1955.47,10637.756800000001
1685318400,2023-05-29 00:00:00,DOT/USD,5.486,5.500,5.461,5.469,830.75,4543.37175
1685232000,2023-05-28 00:00:00,DOT/USD,5.322,5.546,5.322,5.530,1597.06,8831.7418
1685145600,2023-05-27 00:00:00,DOT/USD,5.244,5.329,5.244,5.328,226.08,1204.5542400000002
1685059200,2023-05-26 00:00:00,DOT/USD,5.233,5.258,5.205,5.239,3972.86,20813.81354
1684972800,2023-05-25 00:00:00,DOT/USD,5.253,5.280,5.136,5.231,5995.35,31361.67585
1684886400,2023-05-24 00:00:00,DOT/USD,5.402,5.402,5.200,5.253,17155.84,90119.62752000001
1684800000,2023-05-23 00:00:00,DOT/USD,5.320,5.444,5.294,5.375,4180.62,22470.8325
1684713600,2023-05-22 00:00:00,DOT/USD,5.287,5.333,5.231,5.315,2375.07,12623.497050000002
1684627200,2023-05-21 00:00:00,DOT/USD,5.408,5.408,5.269,5.278,667.01,3520.4787799999995
1684540800,2023-05-20 00:00:00,DOT/USD,5.341,5.427,5.341,5.414,894.53,4842.98542
1684454400,2023-05-19 00:00:00,DOT/USD,5.353,5.384,5.329,5.360,1741.21,9332.885600000001
1684368000,2023-05-18 00:00:00,DOT/USD,5.399,5.462,5.322,5.342,2542.31,13581.020019999998
1684281600,2023-05-17 00:00:00,DOT/USD,5.309,5.435,5.244,5.407,20700.68,111928.57676
1684195200,2023-05-16 00:00:00,DOT/USD,5.319,5.319,5.238,5.296,11989.65,63497.1864
1684108800,2023-05-15 00:00:00,DOT/USD,5.334,5.424,5.279,5.315,12880.38,68459.2197
1684022400,2023-05-14 00:00:00,DOT/USD,5.381,5.435,5.326,5.346,6396.58,34196.11668
1683936000,2023-05-13 00:00:00,DOT/USD,5.316,5.384,5.316,5.357,2099.15,11245.146550000001
1683849600,2023-05-12 00:00:00,DOT/USD,5.271,5.354,5.140,5.339,6859.41,36622.38999
1683763200,2023-05-11 00:00:00,DOT/USD,5.411,5.458,5.209,5.288,3819.90,20199.6312
1683676800,2023-05-10 00:00:00,DOT/USD,5.368,5.504,5.255,5.461,6382.34,34853.95874
1683590400,2023-05-09 00:00:00,DOT/USD,5.364,5.381,5.291,5.319,1698.10,9032.1939
1683504000,2023-05-08 00:00:00,DOT/USD,5.626,5.649,5.180,5.314,12141.62,64520.568680000004
1683417600,2023-05-07 00:00:00,DOT/USD,5.644,5.699,5.620,5.621,2474.74,13910.51354
1683331200,2023-05-06 00:00:00,DOT/USD,5.849,5.896,5.607,5.645,11300.67,63792.28215
1683244800,2023-05-05 00:00:00,DOT/USD,5.691,5.900,5.687,5.870,4335.01,25446.508700000002
1683158400,2023-05-04 00:00:00,DOT/USD,5.773,5.791,5.636,5.662,3688.28,20883.04136
1683072000,2023-05-03 00:00:00,DOT/USD,5.687,5.808,5.560,5.775,8304.75,47959.93125
1682985600,2023-05-02 00:00:00,DOT/USD,5.664,5.756,5.629,5.719,8127.67,46482.14473
1682899200,2023-05-01 00:00:00,DOT/USD,5.898,5.898,5.600,5.667,8544.86,48423.721620000004
1682812800,2023-04-30 00:00:00,DOT/USD,6.032,6.074,5.856,5.878,12659.53,74412.71734
1682726400,2023-04-29 00:00:00,DOT/USD,5.961,6.036,5.938,6.018,1667.16,10032.96888
1682640000,2023-04-28 00:00:00,DOT/USD,5.955,5.973,5.833,5.935,2071.18,12292.453299999997
1682553600,2023-04-27 00:00:00,DOT/USD,5.922,6.045,5.872,5.990,1202.19,7201.118100000001
1682467200,2023-04-26 00:00:00,DOT/USD,5.993,6.197,5.640,5.833,12087.78,70508.02074
1682380800,2023-04-25 00:00:00,DOT/USD,5.882,6.002,5.779,6.001,20867.59,125226.40759
1682294400,2023-04-24 00:00:00,DOT/USD,5.887,6.004,5.826,5.917,5578.18,33006.09106
1682208000,2023-04-23 00:00:00,DOT/USD,5.886,6.001,5.800,5.914,10791.03,63818.15142
1682121600,2023-04-22 00:00:00,DOT/USD,5.857,5.969,5.857,5.950,287.91,1713.0645000000002
1682035200,2023-04-21 00:00:00,DOT/USD,6.124,6.165,5.797,5.824,6324.60,36834.4704
1681948800,2023-04-20 00:00:00,DOT/USD,6.389,6.437,6.093,6.114,9969.68,60954.62352
1681862400,2023-04-19 00:00:00,DOT/USD,6.891,6.891,6.264,6.264,10008.87,62695.561680000006
1681776000,2023-04-18 00:00:00,DOT/USD,6.649,6.974,6.602,6.903,3253.92,22461.80976
1681689600,2023-04-17 00:00:00,DOT/USD,6.767,6.782,6.650,6.698,13865.38,92870.31524
1681603200,2023-04-16 00:00:00,DOT/USD,6.814,6.875,6.710,6.867,17404.16,119514.36672
1681516800,2023-04-15 00:00:00,DOT/USD,6.709,6.873,6.650,6.768,6945.32,47005.92576
1681430400,2023-04-14 00:00:00,DOT/USD,6.683,6.817,6.557,6.759,19454.70,131494.31730000002
1681344000,2023-04-13 00:00:00,DOT/USD,6.370,6.648,6.370,6.648,6194.74,41182.631519999995
1681257600,2023-04-12 00:00:00,DOT/USD,6.414,6.427,6.234,6.427,4567.40,29354.679799999994
1681171200,2023-04-11 00:00:00,DOT/USD,6.312,6.488,6.312,6.437,2642.56,17010.15872
1681084800,2023-04-10 00:00:00,DOT/USD,6.167,6.320,6.118,6.314,4697.21,29658.18394
1680998400,2023-04-09 00:00:00,DOT/USD,6.142,6.232,6.110,6.216,2588.40,16089.494400000001
1680912000,2023-04-08 00:00:00,DOT/USD,6.159,6.204,6.109,6.153,6009.23,36974.79218999999
1680825600,2023-04-07 00:00:00,DOT/USD,6.242,6.242,6.152,6.198,1134.27,7030.20546
1680739200,2023-04-06 00:00:00,DOT/USD,6.367,6.393,6.278,6.287,4944.33,31085.00271
1680652800,2023-04-05 00:00:00,DOT/USD,6.438,6.566,6.339,6.406,9430.79,60413.64074
1680566400,2023-04-04 00:00:00,DOT/USD,6.436,6.533,6.375,6.444,6025.84,38830.51296
1680480000,2023-04-03 00:00:00,DOT/USD,6.260,6.502,6.119,6.249,5807.30,36289.8177
1680393600,2023-04-02 00:00:00,DOT/USD,6.373,6.435,6.210,6.265,2882.91,18061.431149999997
1680307200,2023-04-01 00:00:00,DOT/USD,6.369,6.394,6.209,6.365,4757.03,30278.49595
1680220800,2023-03-31 00:00:00,DOT/USD,6.144,6.372,6.144,6.348,7986.60,50698.9368
1680134400,2023-03-30 00:00:00,DOT/USD,6.143,6.277,6.033,6.099,9749.83,59464.21317
1680048000,2023-03-29 00:00:00,DOT/USD,6.059,6.278,6.059,6.137,2915.65,17893.34405
1679961600,2023-03-28 00:00:00,DOT/USD,5.864,6.093,5.803,6.053,5188.69,31407.140569999996
1679875200,2023-03-27 00:00:00,DOT/USD,6.036,6.115,5.791,5.846,10431.00,60979.626000000004
1679788800,2023-03-26 00:00:00,DOT/USD,5.904,6.118,5.904,6.066,7328.32,44453.58912
1679702400,2023-03-25 00:00:00,DOT/USD,6.023,6.076,5.890,5.890,3610.13,21263.665699999998
1679616000,2023-03-24 00:00:00,DOT/USD,6.332,6.340,5.978,6.020,6808.81,40989.0362
1679529600,2023-03-23 00:00:00,DOT/USD,6.063,6.393,6.063,6.319,8411.64,53153.153159999994
1679443200,2023-03-22 00:00:00,DOT/USD,6.394,6.394,5.961,6.050,5319.62,32183.700999999997
1679356800,2023-03-21 00:00:00,DOT/USD,6.102,6.436,6.036,6.368,22797.33,145173.39744000003
1679270400,2023-03-20 00:00:00,DOT/USD,6.476,6.485,6.125,6.141,18523.60,113753.4276
1679184000,2023-03-19 00:00:00,DOT/USD,6.371,6.943,6.343,6.519,11343.28,73946.84232000001
1679097600,2023-03-18 00:00:00,DOT/USD,6.579,6.706,6.362,6.362,12380.95,78767.6039
1679011200,2023-03-17 00:00:00,DOT/USD,6.071,6.634,6.071,6.628,58046.43,384731.73804
1678924800,2023-03-16 00:00:00,DOT/USD,5.919,6.138,5.805,6.096,52759.19,321620.02224
1678838400,2023-03-15 00:00:00,DOT/USD,6.271,6.351,5.798,5.868,24578.25,144225.171
1678752000,2023-03-14 00:00:00,DOT/USD,6.144,6.550,6.033,6.235,27745.28,172991.82080000002
1678665600,2023-03-13 00:00:00,DOT/USD,5.944,6.159,5.725,6.104,63821.48,389566.31392000004
1678579200,2023-03-12 00:00:00,DOT/USD,5.461,5.935,5.421,5.935,48252.52,286378.70619999996
1678492800,2023-03-11 00:00:00,DOT/USD,5.568,5.723,5.296,5.468,51485.70,281523.8076
1678406400,2023-03-10 00:00:00,DOT/USD,5.341,5.596,5.165,5.596,28987.72,162215.28112
1678320000,2023-03-09 00:00:00,DOT/USD,5.593,5.788,5.286,5.359,15677.69,84016.74071
1678233600,2023-03-08 00:00:00,DOT/USD,5.865,5.960,5.502,5.589,26947.40,150609.0186
1678147200,2023-03-07 00:00:00,DOT/USD,5.918,5.984,5.763,5.841,4613.53,26947.62873
1678060800,2023-03-06 00:00:00,DOT/USD,5.975,6.013,5.870,5.919,5130.85,30369.50115
1677974400,2023-03-05 00:00:00,DOT/USD,5.911,6.057,5.905,5.990,6098.00,36527.020000000004
1677888000,2023-03-04 00:00:00,DOT/USD,6.035,6.609,5.740,5.908,27037.05,159734.8914
1677801600,2023-03-03 00:00:00,DOT/USD,6.321,6.327,5.800,6.030,39141.05,236020.53150000004
1677715200,2023-03-02 00:00:00,DOT/USD,6.513,6.515,6.232,6.317,5441.70,34375.2189
1677628800,2023-03-01 00:00:00,DOT/USD,6.359,6.573,6.320,6.511,8798.28,57285.60108000001
1677542400,2023-02-28 00:00:00,DOT/USD,6.536,6.586,6.225,6.358,13333.33,84773.31214
1677456000,2023-02-27 00:00:00,DOT/USD,6.685,6.758,6.227,6.584,16092.15,105950.7156
1677369600,2023-02-26 00:00:00,DOT/USD,6.610,6.715,6.551,6.686,2402.57,16063.583020000002
1677283200,2023-02-25 00:00:00,DOT/USD,6.624,6.631,6.352,6.521,1554.28,10135.45988
1677196800,2023-02-24 00:00:00,DOT/USD,7.104,7.104,6.472,6.608,4816.12,31824.920959999996
1677110400,2023-02-23 00:00:00,DOT/USD,7.231,7.351,7.071,7.071,1248.25,8826.37575
1677024000,2023-02-22 00:00:00,DOT/USD,7.184,7.208,6.897,7.170,5052.72,36228.002400000005
1676937600,2023-02-21 00:00:00,DOT/USD,7.558,7.558,7.128,7.243,26381.27,191079.53861000002
1676851200,2023-02-20 00:00:00,DOT/USD,7.482,7.711,7.318,7.551,9037.66,68243.37066
1676764800,2023-02-19 00:00:00,DOT/USD,7.271,7.837,7.043,7.438,16503.53,122753.25613999998
1676678400,2023-02-18 00:00:00,DOT/USD,7.267,7.338,7.133,7.266,3255.51,23654.53566
1676592000,2023-02-17 00:00:00,DOT/USD,6.300,7.414,6.300,7.290,12880.38,93897.9702
1676505600,2023-02-16 00:00:00,DOT/USD,6.652,6.739,6.053,6.361,24935.97,158617.70517
1676419200,2023-02-15 00:00:00,DOT/USD,6.182,6.629,6.169,6.610,1587.97,10496.4817
1676332800,2023-02-14 00:00:00,DOT/USD,6.128,6.262,6.036,6.230,6663.14,41511.3622
1676246400,2023-02-13 00:00:00,DOT/USD,6.133,6.210,5.910,6.144,2516.08,15458.79552
1676160000,2023-02-12 00:00:00,DOT/USD,6.256,6.378,6.168,6.168,5320.75,32818.386
1676073600,2023-02-11 00:00:00,DOT/USD,6.167,6.235,6.167,6.209,1154.35,7167.359149999999
1675987200,2023-02-10 00:00:00,DOT/USD,6.214,6.293,6.009,6.135,5046.59,30960.82965
1675900800,2023-02-09 00:00:00,DOT/USD,6.623,6.911,6.099,6.238,7362.00,45924.156
1675814400,2023-02-08 00:00:00,DOT/USD,6.936,7.142,6.629,6.767,6015.37,40706.00879
1675728000,2023-02-07 00:00:00,DOT/USD,6.482,7.139,6.482,6.945,6929.76,48127.18320000001
1675641600,2023-02-06 00:00:00,DOT/USD,6.721,6.766,6.474,6.474,5686.91,36817.05534
1675555200,2023-02-05 00:00:00,DOT/USD,6.863,6.883,6.524,6.641,10897.37,72369.43417000001
1675468800,2023-02-04 00:00:00,DOT/USD,6.991,7.069,6.824,6.907,7138.51,49305.68857
1675382400,2023-02-03 00:00:00,DOT/USD,6.578,7.087,6.537,7.020,9126.85,64070.487
1675296000,2023-02-02 00:00:00,DOT/USD,6.475,6.827,6.419,6.537,31550.75,206247.25274999999
1675209600,2023-02-01 00:00:00,DOT/USD,6.262,6.526,6.039,6.460,35806.27,231308.50419999997
1675123200,2023-01-31 00:00:00,DOT/USD,6.170,6.305,6.165,6.264,15591.29,97663.84056000001
1675036800,2023-01-30 00:00:00,DOT/USD,6.623,6.642,6.058,6.181,16978.98,104947.07538
1674950400,2023-01-29 00:00:00,DOT/USD,6.506,6.692,6.494,6.634,5681.12,37688.55008
1674864000,2023-01-28 00:00:00,DOT/USD,6.643,6.643,6.357,6.407,4328.75,27734.30125
1674777600,2023-01-27 00:00:00,DOT/USD,6.424,6.600,6.300,6.555,8283.08,54295.5894
1674691200,2023-01-26 00:00:00,DOT/USD,6.454,6.538,6.308,6.486,9162.89,59430.504539999994
1674604800,2023-01-25 00:00:00,DOT/USD,6.137,6.533,6.058,6.396,16781.58,107334.98568000001
1674518400,2023-01-24 00:00:00,DOT/USD,6.636,6.701,6.126,6.200,6335.02,39277.124
1674432000,2023-01-23 00:00:00,DOT/USD,6.206,6.751,6.206,6.614,5777.39,38211.65746
1674345600,2023-01-22 00:00:00,DOT/USD,6.277,6.442,6.092,6.207,30815.80,191273.67059999998
1674259200,2023-01-21 00:00:00,DOT/USD,6.285,6.442,6.117,6.325,13095.30,82827.77249999999
1674172800,2023-01-20 00:00:00,DOT/USD,5.832,6.212,5.806,6.192,6536.00,40470.912000000004
1674086400,2023-01-19 00:00:00,DOT/USD,5.684,5.821,5.682,5.798,7258.34,42083.85532
1674000000,2023-01-18 00:00:00,DOT/USD,5.971,6.190,5.600,5.627,23104.61,130009.64047
1673913600,2023-01-17 00:00:00,DOT/USD,5.778,6.193,5.717,6.003,28976.55,173946.22965
1673827200,2023-01-16 00:00:00,DOT/USD,5.952,6.044,5.644,5.807,20244.21,117558.12747
1673740800,2023-01-15 00:00:00,DOT/USD,6.041,6.041,5.782,5.960,5193.82,30955.1672
1673654400,2023-01-14 00:00:00,DOT/USD,5.418,6.500,5.418,6.033,46071.70,277950.5661
1673568000,2023-01-13 00:00:00,DOT/USD,5.219,5.407,5.182,5.399,25112.50,135582.3875
1673481600,2023-01-12 00:00:00,DOT/USD,5.129,5.229,5.025,5.224,21967.05,114755.8692
1673395200,2023-01-11 00:00:00,DOT/USD,4.908,5.121,4.842,5.116,9786.40,50067.22239999999
1673308800,2023-01-10 00:00:00,DOT/USD,4.903,4.957,4.866,4.910,8228.44,40401.640400000004
1673222400,2023-01-09 00:00:00,DOT/USD,4.825,5.046,4.812,4.908,15044.39,73837.86612
1673136000,2023-01-08 00:00:00,DOT/USD,4.643,4.776,4.609,4.776,12983.54,62009.38704
1673049600,2023-01-07 00:00:00,DOT/USD,4.676,4.696,4.642,4.656,6425.82,29918.617919999997
1672963200,2023-01-06 00:00:00,DOT/USD,4.636,4.682,4.566,4.662,6229.73,29043.001259999997
1672876800,2023-01-05 00:00:00,DOT/USD,4.633,4.637,4.552,4.618,4838.32,22343.36176
1672790400,2023-01-04 00:00:00,DOT/USD,4.546,4.676,4.546,4.617,12941.64,59751.55188
1672704000,2023-01-03 00:00:00,DOT/USD,4.498,4.512,4.482,4.510,6067.62,27364.9662
1672617600,2023-01-02 00:00:00,DOT/USD,4.329,4.520,4.329,4.520,8351.24,37747.604799999994
1672531200,2023-01-01 00:00:00,DOT/USD,4.292,4.351,4.291,4.351,1194.23,5196.09473
1672444800,2022-12-31 00:00:00,DOT/USD,4.326,4.376,4.309,4.319,6414.68,27705.002920000003
1672358400,2022-12-30 00:00:00,DOT/USD,4.299,4.329,4.251,4.309,4942.32,21296.456879999998
1672272000,2022-12-29 00:00:00,DOT/USD,4.287,4.345,4.200,4.295,13462.86,57822.983700000004
1672185600,2022-12-28 00:00:00,DOT/USD,4.466,4.475,4.252,4.261,17527.41,74684.29401
1672099200,2022-12-27 00:00:00,DOT/USD,4.567,4.594,4.482,4.482,1692.33,7585.02306
1672012800,2022-12-26 00:00:00,DOT/USD,4.469,4.574,4.468,4.574,5920.46,27080.18404
1671926400,2022-12-25 00:00:00,DOT/USD,4.455,4.478,4.411,4.469,2072.84,9263.521960000002
1671840000,2022-12-24 00:00:00,DOT/USD,4.486,4.486,4.438,4.452,4915.39,21883.316280000003
1671753600,2022-12-23 00:00:00,DOT/USD,4.538,4.538,4.333,4.475,10957.21,49033.514749999995
1671667200,2022-12-22 00:00:00,DOT/USD,4.480,4.586,4.388,4.531,27856.37,126217.21246999998
1671580800,2022-12-21 00:00:00,DOT/USD,4.601,4.601,4.445,4.480,9439.92,42290.84160000001
1671494400,2022-12-20 00:00:00,DOT/USD,4.516,4.664,4.511,4.603,10253.11,47195.06533
1671408000,2022-12-19 00:00:00,DOT/USD,4.649,4.704,4.451,4.458,25474.96,113567.37168
1671321600,2022-12-18 00:00:00,DOT/USD,4.704,4.704,4.628,4.680,15577.96,72904.8528
1671235200,2022-12-17 00:00:00,DOT/USD,4.677,4.717,4.637,4.704,15767.49,74170.27296
1671148800,2022-12-16 00:00:00,DOT/USD,5.214,5.247,4.550,4.649,14320.13,66574.28437
1671062400,2022-12-15 00:00:00,DOT/USD,5.206,5.232,5.160,5.232,7920.35,41439.2712
1670976000,2022-12-14 00:00:00,DOT/USD,5.300,5.338,5.159,5.202,3376.52,17564.65704
1670889600,2022-12-13 00:00:00,DOT/USD,5.191,5.879,5.005,5.286,9206.39,48664.97753999999
1670803200,2022-12-12 00:00:00,DOT/USD,5.150,5.171,5.095,5.143,542.97,2792.49471
1670716800,2022-12-11 00:00:00,DOT/USD,5.312,5.312,5.250,5.250,14.22,74.655
1670630400,2022-12-10 00:00:00,DOT/USD,5.296,5.340,5.284,5.340,2446.13,13062.3342
1670544000,2022-12-09 00:00:00,DOT/USD,5.419,5.425,5.276,5.276,513.22,2707.74872
1670457600,2022-12-08 00:00:00,DOT/USD,5.297,5.575,5.286,5.416,2082.01,11276.166160000002
1670371200,2022-12-07 00:00:00,DOT/USD,5.495,5.495,5.151,5.289,2802.28,14821.25892
1670284800,2022-12-06 00:00:00,DOT/USD,5.594,5.625,5.469,5.485,835.19,4581.017150000001
1670198400,2022-12-05 00:00:00,DOT/USD,5.748,5.748,5.453,5.453,795.72,4339.06116
1670112000,2022-12-04 00:00:00,DOT/USD,5.605,5.724,5.574,5.652,1249.24,7060.70448
1670025600,2022-12-03 00:00:00,DOT/USD,5.644,5.701,5.546,5.566,2193.01,12206.293660000001
1669939200,2022-12-02 00:00:00,DOT/USD,5.425,5.625,5.425,5.616,5756.67,32329.45872
1669852800,2022-12-01 00:00:00,DOT/USD,5.454,5.454,5.375,5.420,2712.99,14704.405799999999
1669766400,2022-11-30 00:00:00,DOT/USD,5.433,5.487,5.335,5.486,12072.46,66229.51555999999
1669680000,2022-11-29 00:00:00,DOT/USD,5.120,5.936,5.109,5.319,9826.52,52267.259880000005
1669593600,2022-11-28 00:00:00,DOT/USD,5.299,5.299,5.090,5.134,4903.02,25172.104680000004
1669507200,2022-11-27 00:00:00,DOT/USD,5.316,5.406,5.277,5.290,915.07,4840.7203
1669420800,2022-11-26 00:00:00,DOT/USD,5.265,5.415,5.265,5.306,4311.32,22875.86392
1669334400,2022-11-25 00:00:00,DOT/USD,5.366,6.639,5.265,5.275,1388.60,7324.865
1669248000,2022-11-24 00:00:00,DOT/USD,6.660,6.699,5.380,5.384,1079.63,5812.727920000001
1669161600,2022-11-23 00:00:00,DOT/USD,5.268,5.462,5.249,5.404,4365.49,23591.107959999998
1669075200,2022-11-22 00:00:00,DOT/USD,5.398,5.398,5.001,5.263,3622.08,19063.00704
1668988800,2022-11-21 00:00:00,DOT/USD,5.234,6.000,5.100,5.399,705.31,3807.9686899999997
1668902400,2022-11-20 00:00:00,DOT/USD,5.605,5.892,5.300,5.427,5659.65,30714.920549999995
1668816000,2022-11-19 00:00:00,DOT/USD,5.647,5.874,5.547,5.874,52.12,306.15288
1668729600,2022-11-18 00:00:00,DOT/USD,6.669,6.669,5.642,5.993,584.78,3504.5865400000002
1668643200,2022-11-17 00:00:00,DOT/USD,5.700,6.672,5.600,6.672,1669.54,11139.17088
1668556800,2022-11-16 00:00:00,DOT/USD,5.924,5.978,5.669,5.678,2560.14,14536.474919999999
1668470400,2022-11-15 00:00:00,DOT/USD,5.876,6.014,5.837,5.908,2816.23,16638.28684
1668384000,2022-11-14 00:00:00,DOT/USD,5.730,6.490,5.469,5.854,9025.72,52836.56488
1668297600,2022-11-13 00:00:00,DOT/USD,5.841,5.919,5.673,5.681,17373.78,98700.44417999999
1668211200,2022-11-12 00:00:00,DOT/USD,5.626,5.855,5.518,5.518,6148.64,33928.19552
1668124800,2022-11-11 00:00:00,DOT/USD,5.951,6.557,5.587,5.734,1863.08,10682.90072
1668038400,2022-11-10 00:00:00,DOT/USD,5.363,6.346,5.332,6.017,7166.41,43120.28897
1667952000,2022-11-09 00:00:00,DOT/USD,6.269,7.377,5.379,5.418,32117.08,174010.33944
1667865600,2022-11-08 00:00:00,DOT/USD,7.118,7.179,5.887,6.285,40575.15,255014.81775000002
1667779200,2022-11-07 00:00:00,DOT/USD,6.842,7.380,6.724,7.184,10949.28,78659.62752000001
1667692800,2022-11-06 00:00:00,DOT/USD,7.019,7.131,6.863,6.863,4520.69,31025.495469999998
1667606400,2022-11-05 00:00:00,DOT/USD,7.101,7.243,6.944,6.990,5470.02,38235.43980000001
1667520000,2022-11-04 00:00:00,DOT/USD,6.409,7.080,6.409,7.080,18017.33,127562.69640000002
1667433600,2022-11-03 00:00:00,DOT/USD,6.408,6.490,6.247,6.428,4433.61,28499.245079999997
1667347200,2022-11-02 00:00:00,DOT/USD,6.420,6.617,6.196,6.198,5744.42,35603.915160000004
1667260800,2022-11-01 00:00:00,DOT/USD,6.645,6.827,6.468,6.468,6096.64,39433.067520000004
1667174400,2022-10-31 00:00:00,DOT/USD,6.611,6.786,6.574,6.632,14656.22,97200.05103999999
1667088000,2022-10-30 00:00:00,DOT/USD,6.628,6.657,6.560,6.609,1742.44,11515.785960000001
1667001600,2022-10-29 00:00:00,DOT/USD,6.590,6.703,6.505,6.674,5475.01,36540.21674
1666915200,2022-10-28 00:00:00,DOT/USD,6.299,6.547,6.295,6.515,5857.05,38158.68075
1666828800,2022-10-27 00:00:00,DOT/USD,6.502,6.574,6.323,6.346,6631.55,42083.8163
1666742400,2022-10-26 00:00:00,DOT/USD,6.474,7.736,6.424,6.449,2156.54,13907.52646
1666656000,2022-10-25 00:00:00,DOT/USD,5.922,6.700,5.922,6.446,20810.44,134144.09623999998
1666569600,2022-10-24 00:00:00,DOT/USD,5.956,6.300,5.840,6.000,98625.11,591750.66
1666483200,2022-10-23 00:00:00,DOT/USD,5.860,6.178,5.770,5.969,3525.43,21043.29167
1666396800,2022-10-22 00:00:00,DOT/USD,5.900,6.499,5.802,5.858,1898.92,11123.87336
1666310400,2022-10-21 00:00:00,DOT/USD,5.815,5.900,5.769,5.900,25398.75,149852.625
1666224000,2022-10-20 00:00:00,DOT/USD,6.305,6.404,5.842,5.880,9011.35,52986.738
1666137600,2022-10-19 00:00:00,DOT/USD,6.110,6.490,6.079,6.126,6968.68,42690.133680000006
1666051200,2022-10-18 00:00:00,DOT/USD,6.273,6.273,6.103,6.153,2533.02,15585.672059999999
1665964800,2022-10-17 00:00:00,DOT/USD,6.145,6.265,6.138,6.257,8954.84,56030.43388
1665878400,2022-10-16 00:00:00,DOT/USD,6.108,6.153,6.108,6.140,188.78,1159.1091999999999
1665792000,2022-10-15 00:00:00,DOT/USD,6.066,6.086,6.038,6.086,1415.40,8614.1244
1665705600,2022-10-14 00:00:00,DOT/USD,6.102,6.267,6.026,6.026,3376.84,20348.83784
1665619200,2022-10-13 00:00:00,DOT/USD,6.145,6.145,5.718,6.115,8562.55,52359.99325
1665532800,2022-10-12 00:00:00,DOT/USD,6.204,6.224,6.146,6.181,4190.96,25904.32376
1665446400,2022-10-11 00:00:00,DOT/USD,6.200,6.242,6.146,6.166,3576.30,22051.4658
1665360000,2022-10-10 00:00:00,DOT/USD,6.523,6.523,6.257,6.257,7158.64,44791.61048
1665273600,2022-10-09 00:00:00,DOT/USD,6.296,6.485,6.296,6.475,1391.47,9009.76825
1665187200,2022-10-08 00:00:00,DOT/USD,6.360,6.367,6.280,6.288,7077.71,44504.64048
1665100800,2022-10-07 00:00:00,DOT/USD,6.369,6.390,6.285,6.285,5347.88,33611.425800000005
1665014400,2022-10-06 00:00:00,DOT/USD,6.440,6.518,6.334,6.340,16258.99,103081.9966
1664928000,2022-10-05 00:00:00,DOT/USD,6.431,6.454,6.282,6.425,1521.59,9776.21575
1664841600,2022-10-04 00:00:00,DOT/USD,6.373,6.506,6.368,6.480,2180.22,14127.8256
1664755200,2022-10-03 00:00:00,DOT/USD,6.147,6.371,6.147,6.361,4834.77,30753.971970000002
1664668800,2022-10-02 00:00:00,DOT/USD,6.289,6.309,6.147,6.147,1979.33,12166.94151
1664582400,2022-10-01 00:00:00,DOT/USD,6.328,6.328,6.256,6.256,273.10,1708.5136000000002
1664496000,2022-09-30 00:00:00,DOT/USD,6.460,6.500,6.231,6.306,17188.02,108387.65412
1664409600,2022-09-29 00:00:00,DOT/USD,6.421,6.471,6.279,6.386,1984.45,12672.6977
1664323200,2022-09-28 00:00:00,DOT/USD,6.377,6.440,6.178,6.357,37445.03,238038.05571
1664236800,2022-09-27 00:00:00,DOT/USD,6.595,6.762,6.296,6.378,17414.56,111070.06368
1664150400,2022-09-26 00:00:00,DOT/USD,6.219,6.547,6.201,6.538,35484.08,231994.91504000002
1664064000,2022-09-25 00:00:00,DOT/USD,6.282,6.363,6.200,6.200,7900.12,48980.744
1663977600,2022-09-24 00:00:00,DOT/USD,6.453,6.453,6.391,6.400,68.07,435.64799999999997
1663891200,2022-09-23 00:00:00,DOT/USD,6.453,6.581,6.239,6.449,18124.19,116882.90130999999
1663804800,2022-09-22 00:00:00,DOT/USD,6.112,6.516,6.112,6.464,3522.83,22771.57312
1663718400,2022-09-21 00:00:00,DOT/USD,6.309,6.556,5.985,6.053,6148.23,37215.236189999996
1663632000,2022-09-20 00:00:00,DOT/USD,6.333,6.373,6.192,6.253,3486.71,21802.39763
1663545600,2022-09-19 00:00:00,DOT/USD,6.438,6.504,6.129,6.418,4381.87,28122.84166
1663459200,2022-09-18 00:00:00,DOT/USD,6.999,6.999,6.350,6.485,2956.92,19175.626200000002
1663372800,2022-09-17 00:00:00,DOT/USD,6.993,7.148,6.958,7.099,3039.54,21577.69446
1663286400,2022-09-16 00:00:00,DOT/USD,6.921,6.970,6.728,6.898,4769.43,32899.52814
1663200000,2022-09-15 00:00:00,DOT/USD,7.197,7.197,6.938,6.938,5409.13,37528.543939999996
1663113600,2022-09-14 00:00:00,DOT/USD,7.080,7.274,7.080,7.205,2124.11,15304.21255
1663027200,2022-09-13 00:00:00,DOT/USD,7.581,7.889,7.088,7.088,7296.90,51720.4272
1662940800,2022-09-12 00:00:00,DOT/USD,7.703,8.026,7.572,7.644,15360.51,117415.73844
1662854400,2022-09-11 00:00:00,DOT/USD,7.809,7.890,7.590,7.672,4894.61,37551.44792
1662768000,2022-09-10 00:00:00,DOT/USD,7.747,7.834,7.668,7.779,4368.91,33985.750889999996
1662681600,2022-09-09 00:00:00,DOT/USD,7.515,7.903,7.515,7.778,4068.34,31643.54852
1662595200,2022-09-08 00:00:00,DOT/USD,7.199,7.437,7.111,7.412,5223.50,38716.582
1662508800,2022-09-07 00:00:00,DOT/USD,6.894,7.250,6.778,7.183,6818.67,48978.50661
1662422400,2022-09-06 00:00:00,DOT/USD,7.417,7.685,6.889,6.891,9883.90,68109.9549
1662336000,2022-09-05 00:00:00,DOT/USD,7.414,7.684,7.344,7.354,14785.36,108731.53744
1662249600,2022-09-04 00:00:00,DOT/USD,7.359,7.361,7.196,7.260,2409.39,17492.1714
1662163200,2022-09-03 00:00:00,DOT/USD,7.287,7.287,7.193,7.265,4045.74,29392.301099999997
1662076800,2022-09-02 00:00:00,DOT/USD,7.158,7.400,7.158,7.371,89.21,657.56691
1661990400,2022-09-01 00:00:00,DOT/USD,7.014,7.190,6.929,7.190,9578.50,68869.41500000001
1661904000,2022-08-31 00:00:00,DOT/USD,7.139,7.142,7.017,7.017,2833.46,19882.38882
1661817600,2022-08-30 00:00:00,DOT/USD,7.249,7.327,6.953,7.031,8045.37,56566.99647
1661731200,2022-08-29 00:00:00,DOT/USD,6.805,7.293,6.805,7.293,7512.43,54788.151990000006
1661644800,2022-08-28 00:00:00,DOT/USD,7.053,7.105,6.880,6.880,1622.64,11163.763200000001
1661558400,2022-08-27 00:00:00,DOT/USD,7.403,7.403,6.976,7.076,2702.20,19120.7672
1661472000,2022-08-26 00:00:00,DOT/USD,7.553,7.613,7.000,7.000,10542.12,73794.84000000001
1661385600,2022-08-25 00:00:00,DOT/USD,7.640,7.762,7.526,7.587,3501.89,26568.839429999996
1661299200,2022-08-24 00:00:00,DOT/USD,7.602,7.721,7.565,7.567,528.53,3999.38651
1661212800,2022-08-23 00:00:00,DOT/USD,8.450,8.450,8.450,8.450,0.00,0.0
1661126400,2022-08-22 00:00:00,DOT/USD,8.450,8.450,8.450,8.450,0.00,0.0
1661040000,2022-08-21 00:00:00,DOT/USD,8.450,8.450,8.450,8.450,0.00,0.0
1660953600,2022-08-20 00:00:00,DOT/USD,8.450,8.450,8.450,8.450,0.00,0.0
1660867200,2022-08-19 00:00:00,DOT/USD,8.450,8.450,8.450,8.450,0.00,0.0
1660780800,2022-08-18 00:00:00,DOT/USD,8.450,8.450,8.450,8.450,1.00,8.45
