unix,date,symbol,open,high,low,close,Volume SOL,Volume USD
1734566400,2024-12-19 00:00:00,SOL/USD,206.3961,207.2812,206.1484,207.2812,725.18,150316.180616
1734480000,2024-12-18 00:00:00,SOL/USD,223.2041,225.9134,204.8422,206.7787,49548.87,10245650.925069
1734393600,2024-12-17 00:00:00,SOL/USD,216.3910,228.8887,211.6359,222.9846,53583.80,11948362.20948
1734307200,2024-12-16 00:00:00,SOL/USD,224.1635,227.1300,213.2013,216.2250,70015.14,15139023.646499999
1734220800,2024-12-15 00:00:00,SOL/USD,219.6085,225.3712,215.7399,224.1867,28848.35,6467416.386945
1734134400,2024-12-14 00:00:00,SOL/USD,224.8580,227.3812,215.2419,219.9285,18386.14,4043636.19099
1734048000,2024-12-13 00:00:00,SOL/USD,226.9702,228.4100,220.7500,224.9200,20196.57,4542612.5243999995
1733961600,2024-12-12 00:00:00,SOL/USD,227.3646,234.7645,225.6692,227.0678,33665.27,7644298.795305999
1733875200,2024-12-11 00:00:00,SOL/USD,213.8026,230.6886,211.6748,227.0000,46171.31,10480887.37
1733788800,2024-12-10 00:00:00,SOL/USD,216.5000,221.0348,203.4612,213.7233,58559.55,12515540.272515
1733702400,2024-12-09 00:00:00,SOL/USD,237.2848,237.2848,202.0001,217.0000,121610.15,26389402.549999997
1733616000,2024-12-08 00:00:00,SOL/USD,238.0816,241.4937,233.5000,237.2717,7851.44,1862924.516248
1733529600,2024-12-07 00:00:00,SOL/USD,237.2674,243.6119,235.1536,238.3921,18350.36,4374580.856156
1733443200,2024-12-06 00:00:00,SOL/USD,236.0000,247.0975,231.1791,237.2274,45884.34,10885022.678915998
1733356800,2024-12-05 00:00:00,SOL/USD,229.6699,244.9749,223.5000,236.7075,54590.76,12922042.322700001
1733270400,2024-12-04 00:00:00,SOL/USD,234.2973,240.8907,224.8645,229.5030,72622.17,16667005.881509999
1733184000,2024-12-03 00:00:00,SOL/USD,225.8546,239.8750,215.0094,234.2604,96734.87,22661149.340148
1733097600,2024-12-02 00:00:00,SOL/USD,237.1306,238.2659,220.1820,225.8583,58242.21,13154486.538843
1733011200,2024-12-01 00:00:00,SOL/USD,237.5600,239.8750,234.3359,236.9834,15427.10,3655966.61014
1732924800,2024-11-30 00:00:00,SOL/USD,243.2902,245.2318,237.7032,237.7599,26339.72,6262529.193228
1732838400,2024-11-29 00:00:00,SOL/USD,237.8406,246.8499,236.7000,243.6689,72735.22,17723311.048658002
1732752000,2024-11-28 00:00:00,SOL/USD,242.2368,245.4300,233.0000,237.5661,59735.26,14191072.750686001
1732665600,2024-11-27 00:00:00,SOL/USD,230.6077,243.5101,227.6901,242.4278,72683.16,17620418.575848002
1732579200,2024-11-26 00:00:00,SOL/USD,234.1623,243.3450,221.7900,230.7338,83965.56,19373692.727928
1732492800,2024-11-25 00:00:00,SOL/USD,252.9768,256.8248,231.2178,234.4393,62230.16,14589195.149288
1732406400,2024-11-24 00:00:00,SOL/USD,255.0851,259.9898,241.1046,252.9508,26119.24,6606882.653392
1732320000,2024-11-23 00:00:00,SOL/USD,257.2082,264.1550,253.3137,255.4399,33425.64,8538242.139036
1732233600,2024-11-22 00:00:00,SOL/USD,256.7146,264.5562,251.7701,256.9647,59382.52,15259211.437043998
1732147200,2024-11-21 00:00:00,SOL/USD,235.6818,259.8907,230.0088,256.8102,91006.74,23371459.100748003
1732060800,2024-11-20 00:00:00,SOL/USD,237.8055,242.6832,230.8784,235.7273,57161.09,13474429.410757
1731974400,2024-11-19 00:00:00,SOL/USD,239.8570,247.6345,233.8932,237.9201,61851.03,14715603.242703
1731888000,2024-11-18 00:00:00,SOL/USD,237.4861,248.3540,234.1036,239.8565,82057.77,19682089.510005
1731801600,2024-11-17 00:00:00,SOL/USD,216.0970,242.0000,212.4200,237.5610,99721.39,23689913.12979
1731715200,2024-11-16 00:00:00,SOL/USD,218.4851,221.9765,213.5228,215.7807,17273.19,3727221.0294329994
1731628800,2024-11-15 00:00:00,SOL/USD,209.5412,220.4517,204.7083,218.5572,30831.72,6738494.394384
1731542400,2024-11-14 00:00:00,SOL/USD,214.6736,222.8294,206.9800,209.5800,54875.01,11500704.595800001
1731456000,2024-11-13 00:00:00,SOL/USD,211.8709,220.7999,201.5752,215.4311,63963.37,13779699.158807
1731369600,2024-11-12 00:00:00,SOL/USD,222.4264,225.4129,205.0000,211.8700,62436.52,13228425.4924
1731283200,2024-11-11 00:00:00,SOL/USD,210.2717,224.2772,204.4500,222.4567,84254.53,18742984.703851
1731196800,2024-11-10 00:00:00,SOL/USD,200.0601,215.3910,198.8400,210.6609,56463.96,11894748.631164
1731110400,2024-11-09 00:00:00,SOL/USD,199.9106,203.3975,195.0610,200.2613,21184.43,4242421.491559
1731024000,2024-11-08 00:00:00,SOL/USD,196.7099,205.1234,195.8800,199.9823,48178.50,9634847.24055
1730937600,2024-11-07 00:00:00,SOL/USD,186.7514,198.0875,186.0404,196.2822,32058.46,6292505.057411999
1730851200,2024-11-06 00:00:00,SOL/USD,166.9290,190.0312,166.8342,186.8277,70782.74,13224176.513898
1730764800,2024-11-05 00:00:00,SOL/USD,158.3364,169.3673,156.8600,166.6098,90255.64,15037474.129272
1730678400,2024-11-04 00:00:00,SOL/USD,162.4537,164.8455,155.0831,157.5653,28627.52,4510703.777056
1730592000,2024-11-03 00:00:00,SOL/USD,166.2890,166.4646,157.8401,162.7529,22895.20,3726260.19608
1730505600,2024-11-02 00:00:00,SOL/USD,166.4355,168.4265,162.0806,166.0411,10150.46,1685393.5439059997
1730419200,2024-11-01 00:00:00,SOL/USD,168.5519,173.8435,163.4853,166.2566,30132.26,5009687.097916
1730332800,2024-10-31 00:00:00,SOL/USD,174.8591,176.3955,167.5174,168.2934,23454.50,3947237.5503
1730246400,2024-10-30 00:00:00,SOL/USD,178.8525,181.1560,173.2166,174.8400,13866.36,2424394.3824
1730160000,2024-10-29 00:00:00,SOL/USD,178.2017,183.2718,176.3606,179.4365,40407.74,7250623.43851
1730073600,2024-10-28 00:00:00,SOL/USD,176.5714,179.5622,172.2347,177.8655,34694.62,6170975.933610001
1729987200,2024-10-27 00:00:00,SOL/USD,170.6539,177.9165,170.1660,176.5479,16084.31,2839651.153449
1729900800,2024-10-26 00:00:00,SOL/USD,164.7618,172.9118,162.4200,170.6626,18552.65,3166243.48589
1729814400,2024-10-25 00:00:00,SOL/USD,177.1866,177.4126,159.3282,164.7443,24815.06,4088139.6891580005
1729728000,2024-10-24 00:00:00,SOL/USD,170.6209,179.0419,170.6209,177.1542,28375.57,5026851.402894
1729641600,2024-10-23 00:00:00,SOL/USD,167.5910,174.0000,164.1713,171.1451,33706.53,5768707.4475030005
1729555200,2024-10-22 00:00:00,SOL/USD,166.3901,170.8260,163.2210,167.1592,26643.10,4453639.28152
1729468800,2024-10-21 00:00:00,SOL/USD,167.4287,171.5125,161.3028,166.1216,41610.88,6912465.963008
1729382400,2024-10-20 00:00:00,SOL/USD,159.7773,167.8206,157.8244,167.2927,49700.40,8314514.10708
1729296000,2024-10-19 00:00:00,SOL/USD,154.9788,159.7346,153.6905,159.5871,16878.04,2693517.4572840002
1729209600,2024-10-18 00:00:00,SOL/USD,150.2233,156.5364,149.5840,155.0347,23474.87,3639419.4279889995
1729123200,2024-10-17 00:00:00,SOL/USD,154.9223,155.5742,147.6600,150.4378,20843.26,3135614.179228
1729036800,2024-10-16 00:00:00,SOL/USD,154.7500,158.2133,153.0041,154.1777,19699.84,3037276.021568
1728950400,2024-10-15 00:00:00,SOL/USD,157.6560,159.4228,150.4053,154.7904,33529.89,5190105.085056
1728864000,2024-10-14 00:00:00,SOL/USD,146.8284,158.0000,146.7700,157.2421,33797.40,5314374.15054
1728777600,2024-10-13 00:00:00,SOL/USD,146.5003,148.7562,144.6378,147.5775,8135.22,1200575.42955
1728691200,2024-10-12 00:00:00,SOL/USD,145.9004,147.1903,144.7054,146.3575,9184.21,1344178.0150749998
1728604800,2024-10-11 00:00:00,SOL/USD,138.9508,146.4533,138.6605,145.4190,14058.24,2044335.2025600001
1728518400,2024-10-10 00:00:00,SOL/USD,139.0670,140.6798,135.5805,138.7471,19570.36,2715330.6959559997
1728432000,2024-10-09 00:00:00,SOL/USD,143.3642,145.0968,138.5838,139.2492,17681.83,2462180.6820360003
1728345600,2024-10-08 00:00:00,SOL/USD,144.1734,145.4411,141.2640,143.3398,13647.37,1956211.286326
1728259200,2024-10-07 00:00:00,SOL/USD,146.5253,152.2633,143.5793,143.8906,39729.52,5716704.470512
1728172800,2024-10-06 00:00:00,SOL/USD,142.3616,146.5574,142.0571,146.4731,5630.17,824668.453427
1728086400,2024-10-05 00:00:00,SOL/USD,143.3022,144.8921,141.0999,142.6344,5834.78,832240.344432
1728000000,2024-10-04 00:00:00,SOL/USD,136.7716,144.5495,136.1862,143.0572,30157.27,4314214.605844
1727913600,2024-10-03 00:00:00,SOL/USD,140.3456,142.7433,133.2000,136.8328,31129.14,4259487.387792
1727827200,2024-10-02 00:00:00,SOL/USD,144.9038,148.8576,138.6600,140.2580,33481.30,4696020.175400001
1727740800,2024-10-01 00:00:00,SOL/USD,152.7345,157.2430,142.4198,145.2503,23512.46,3415191.8687380003
1727654400,2024-09-30 00:00:00,SOL/USD,158.2501,159.5133,151.9200,152.5574,13189.84,2012207.696816
1727568000,2024-09-29 00:00:00,SOL/USD,156.7902,161.6341,155.1247,158.7570,16873.14,2678729.08698
1727481600,2024-09-28 00:00:00,SOL/USD,157.8866,159.4133,155.0700,156.8893,11176.42,1753460.710306
1727395200,2024-09-27 00:00:00,SOL/USD,155.6471,161.1594,153.9906,157.7100,37549.05,5921860.675500001
1727308800,2024-09-26 00:00:00,SOL/USD,148.2342,158.1225,146.7532,155.5511,24702.77,3842543.046547
1727222400,2024-09-25 00:00:00,SOL/USD,152.8561,153.4587,147.2896,148.0785,15753.20,2332710.2262
1727136000,2024-09-24 00:00:00,SOL/USD,144.3210,153.8750,143.0611,152.7876,23542.03,3596930.262828
1727049600,2024-09-23 00:00:00,SOL/USD,144.6973,148.9833,142.5088,144.7877,12345.13,1787422.978901
1726963200,2024-09-22 00:00:00,SOL/USD,149.4472,149.4472,141.2586,144.8558,9788.20,1417877.54156
1726876800,2024-09-21 00:00:00,SOL/USD,146.5885,149.8244,144.8800,149.6754,6888.48,1031035.9993919999
1726790400,2024-09-20 00:00:00,SOL/USD,142.9870,152.3154,141.3620,146.5246,42647.17,6248859.525381999
1726704000,2024-09-19 00:00:00,SOL/USD,134.4752,143.9635,134.4337,142.9022,75968.26,10856031.484172
1726617600,2024-09-18 00:00:00,SOL/USD,131.4200,134.1711,127.1129,134.1061,23817.54,3194077.400994
1726531200,2024-09-17 00:00:00,SOL/USD,131.4107,135.6279,130.3188,131.5428,47698.66,6274415.292648001
1726444800,2024-09-16 00:00:00,SOL/USD,131.3843,132.3595,128.8842,131.4161,27863.24,3661678.334164
1726358400,2024-09-15 00:00:00,SOL/USD,137.1978,137.9167,130.4777,131.5105,46408.61,6103219.505405
1726272000,2024-09-14 00:00:00,SOL/USD,139.1200,139.7611,135.6611,137.1329,12526.30,1717767.84527
1726185600,2024-09-13 00:00:00,SOL/USD,136.0490,139.8554,131.8262,139.1689,49285.55,6859015.779395001
1726099200,2024-09-12 00:00:00,SOL/USD,132.4716,136.8090,132.4645,135.9999,22135.81,3010467.946419
1726012800,2024-09-11 00:00:00,SOL/USD,135.3041,135.6858,128.2516,132.4062,20759.73,2748716.962326
1725926400,2024-09-10 00:00:00,SOL/USD,135.1548,137.8919,132.5539,135.4416,35946.21,4868612.196335999
1725840000,2024-09-09 00:00:00,SOL/USD,130.3253,137.0000,126.9888,135.0873,34909.24,4715794.976652
1725753600,2024-09-08 00:00:00,SOL/USD,127.5778,131.5531,126.7139,129.9231,10622.22,1380071.751282
1725667200,2024-09-07 00:00:00,SOL/USD,125.2588,129.4207,124.1306,127.5419,12294.40,1568051.13536
1725580800,2024-09-06 00:00:00,SOL/USD,129.3104,134.1459,120.6276,124.9581,33617.09,4200727.693929
1725494400,2024-09-05 00:00:00,SOL/USD,133.5680,135.4327,127.9356,129.2628,17434.30,2253606.4340399997
1725408000,2024-09-04 00:00:00,SOL/USD,127.5319,134.9013,122.6500,133.5450,34311.39,4582114.57755
1725321600,2024-09-03 00:00:00,SOL/USD,135.0061,137.6421,127.2369,127.5688,27636.06,3525499.010928
1725235200,2024-09-02 00:00:00,SOL/USD,128.8232,135.3247,126.9607,134.9642,81203.30,10959538.42186
1725148800,2024-09-01 00:00:00,SOL/USD,135.2073,136.0611,128.0348,128.7726,36045.54,4641677.904204001
1725062400,2024-08-31 00:00:00,SOL/USD,137.9917,138.6697,134.5513,135.2190,7661.00,1035912.759
1724976000,2024-08-30 00:00:00,SOL/USD,139.9213,141.0941,132.0026,138.0389,30665.76,4233067.778064
1724889600,2024-08-29 00:00:00,SOL/USD,144.7624,147.2555,138.0304,139.7705,22860.06,3195162.01623
1724803200,2024-08-28 00:00:00,SOL/USD,146.6387,148.8805,140.6026,143.9632,41980.90,6043704.702880001
1724716800,2024-08-27 00:00:00,SOL/USD,157.0811,159.6848,144.8898,146.9360,28049.63,4121500.4336800002
1724630400,2024-08-26 00:00:00,SOL/USD,159.7000,161.9276,155.6767,157.1454,21717.77,3412847.653758
1724544000,2024-08-25 00:00:00,SOL/USD,160.3644,162.0000,155.3262,158.7878,16084.48,2554019.193344
1724457600,2024-08-24 00:00:00,SOL/USD,153.4398,162.3580,152.1256,160.7944,20981.60,3373723.7830399997
1724371200,2024-08-23 00:00:00,SOL/USD,143.2422,154.0000,143.0576,152.9342,21400.05,3272799.52671
1724284800,2024-08-22 00:00:00,SOL/USD,143.0279,144.8522,140.7100,143.2751,12920.83,1851233.2103330002
1724198400,2024-08-21 00:00:00,SOL/USD,142.4148,144.4310,139.0021,142.7568,17889.61,2553863.476848
1724112000,2024-08-20 00:00:00,SOL/USD,144.2964,148.9071,141.3307,142.6228,23188.08,3307148.8962240005
1724025600,2024-08-19 00:00:00,SOL/USD,142.2835,146.1717,140.4142,144.3732,13512.54,1950848.639928
1723939200,2024-08-18 00:00:00,SOL/USD,141.8678,147.1114,140.7000,142.6381,11059.96,1577571.680476
1723852800,2024-08-17 00:00:00,SOL/USD,139.0425,141.9500,137.7719,141.6990,7957.67,1127593.88133
1723766400,2024-08-16 00:00:00,SOL/USD,142.6110,144.8599,136.2255,139.0793,17517.45,2436314.683785
1723680000,2024-08-15 00:00:00,SOL/USD,143.7090,147.5656,137.8500,142.5989,21538.20,3071323.62798
1723593600,2024-08-14 00:00:00,SOL/USD,146.6891,151.8431,142.5939,143.7437,29108.08,4184103.1190959997
1723507200,2024-08-13 00:00:00,SOL/USD,146.3625,149.7565,143.0000,146.5814,25611.05,3754103.56447
1723420800,2024-08-12 00:00:00,SOL/USD,142.3328,150.8209,141.5055,146.3934,52388.57,7669340.883438
1723334400,2024-08-11 00:00:00,SOL/USD,153.9666,157.9562,141.2000,141.4073,13317.05,1883128.0844649998
1723248000,2024-08-10 00:00:00,SOL/USD,155.9258,158.3206,152.7800,154.1356,4396.54,677663.3308240001
1723161600,2024-08-09 00:00:00,SOL/USD,163.3010,163.4574,150.8629,155.9743,24515.13,3823730.241159
1723075200,2024-08-08 00:00:00,SOL/USD,145.2440,163.6000,141.5141,163.0079,42920.71,6996414.8036090005
1722988800,2024-08-07 00:00:00,SOL/USD,144.3547,155.0294,142.4400,144.7274,51480.28,7450607.075672
1722902400,2024-08-06 00:00:00,SOL/USD,131.0972,149.4100,131.0972,143.9839,55793.06,8033302.371734
1722816000,2024-08-05 00:00:00,SOL/USD,138.8007,139.0021,109.9400,129.7952,132616.81,17213025.377311997
1722729600,2024-08-04 00:00:00,SOL/USD,142.3232,145.6927,131.2600,138.1441,33422.42,4617110.130722
1722643200,2024-08-03 00:00:00,SOL/USD,153.3546,153.5986,139.7600,142.3280,18548.61,2639986.56408
1722556800,2024-08-02 00:00:00,SOL/USD,167.3191,168.8673,149.8126,152.4084,24690.38,3763021.3111920003
1722470400,2024-08-01 00:00:00,SOL/USD,172.6434,172.8339,157.8100,167.3757,24515.71,4103334.1222469998
1722384000,2024-07-31 00:00:00,SOL/USD,179.1527,184.5874,171.7777,171.8615,24084.25,4139155.331375
1722297600,2024-07-30 00:00:00,SOL/USD,182.5092,184.0276,175.4523,179.1762,19753.38,3539335.565556
1722211200,2024-07-29 00:00:00,SOL/USD,184.9693,193.7283,181.6544,182.5000,34053.51,6214765.575
1722124800,2024-07-28 00:00:00,SOL/USD,183.8657,186.5642,181.1818,184.7106,6734.51,1243935.382806
1722038400,2024-07-27 00:00:00,SOL/USD,182.7501,188.3235,178.0770,183.5900,18454.04,3387977.2036
1721952000,2024-07-26 00:00:00,SOL/USD,171.8604,184.1103,171.8604,183.0097,21319.20,3901620.39624
1721865600,2024-07-25 00:00:00,SOL/USD,178.0221,179.3585,165.6392,171.3129,16089.44,2756328.6257760003
1721779200,2024-07-24 00:00:00,SOL/USD,173.7165,182.3431,171.0391,177.8579,17974.26,3196864.137654
1721692800,2024-07-23 00:00:00,SOL/USD,178.9087,180.2977,170.6294,173.1032,19638.08,3399414.489856
1721606400,2024-07-22 00:00:00,SOL/USD,184.5482,184.5482,177.0000,178.9305,15823.12,2831238.77316
1721520000,2024-07-21 00:00:00,SOL/USD,173.7969,185.0414,171.1717,184.3386,21374.15,3940080.8871900006
1721433600,2024-07-20 00:00:00,SOL/USD,169.2401,175.0690,167.4599,174.2124,9797.85,1706906.96334
1721347200,2024-07-19 00:00:00,SOL/USD,158.8191,172.2519,156.3529,169.1750,13623.93,2304828.3577500004
1721260800,2024-07-18 00:00:00,SOL/USD,155.9175,161.5387,155.2606,159.1441,15096.88,2402579.380408
1721174400,2024-07-17 00:00:00,SOL/USD,160.7083,163.7210,154.8934,155.8647,26089.91,4066495.995177
1721088000,2024-07-16 00:00:00,SOL/USD,159.4975,162.6073,152.6508,160.6615,28962.48,4653155.48052
1721001600,2024-07-15 00:00:00,SOL/USD,147.7798,160.0000,147.1875,159.4682,29369.43,4683490.137126
1720915200,2024-07-14 00:00:00,SOL/USD,142.1280,148.5976,142.1280,147.7457,12688.58,1874683.134106
1720828800,2024-07-13 00:00:00,SOL/USD,139.4260,143.4534,138.1198,142.0316,16191.48,2299701.810768
1720742400,2024-07-12 00:00:00,SOL/USD,135.7760,140.5871,134.0818,139.5299,14137.37,1972585.8223630001
1720656000,2024-07-11 00:00:00,SOL/USD,141.7514,145.9330,135.6751,135.7456,24936.88,3385071.737728
1720569600,2024-07-10 00:00:00,SOL/USD,141.4329,146.0188,138.8200,142.3623,8926.02,1270728.737046
1720483200,2024-07-09 00:00:00,SOL/USD,139.8023,144.1043,136.5392,141.5464,27612.44,3908441.4772159997
1720396800,2024-07-08 00:00:00,SOL/USD,131.6799,141.8320,127.9147,139.8699,28293.64,3957428.597436
1720310400,2024-07-07 00:00:00,SOL/USD,143.2600,143.2600,131.2707,131.3585,13265.06,1742478.38401
1720224000,2024-07-06 00:00:00,SOL/USD,133.6827,144.1028,121.1000,143.0600,16520.67,2363447.0502
1720137600,2024-07-05 00:00:00,SOL/USD,127.9592,136.4257,121.0017,134.2857,52957.30,7111408.10061
1720051200,2024-07-04 00:00:00,SOL/USD,140.7671,142.5178,127.2310,127.2310,45955.04,5846905.69424
1719964800,2024-07-03 00:00:00,SOL/USD,153.8016,154.2350,139.1277,140.6495,27045.89,3803990.9055549996
1719878400,2024-07-02 00:00:00,SOL/USD,146.2496,154.7777,146.0599,153.6796,20070.02,3084352.645592
1719792000,2024-07-01 00:00:00,SOL/USD,146.4460,148.8245,145.9185,146.1753,15576.56,2276908.330968
1719705600,2024-06-30 00:00:00,SOL/USD,140.0401,147.3555,136.9533,146.6369,17253.99,2530071.6062310003
1719619200,2024-06-29 00:00:00,SOL/USD,139.9802,142.7978,139.5722,139.9091,25942.84,3629639.395844
1719532800,2024-06-28 00:00:00,SOL/USD,149.3137,150.4492,138.7793,139.6432,19047.82,2659898.537824
1719446400,2024-06-27 00:00:00,SOL/USD,136.1978,150.8867,135.3675,149.1159,17581.94,2621746.806846
1719360000,2024-06-26 00:00:00,SOL/USD,136.5584,140.2240,134.9148,136.6841,4350.60,594657.8454600001
1719273600,2024-06-25 00:00:00,SOL/USD,132.0946,139.5991,131.5574,136.5546,22812.41,3115139.5225859997
1719187200,2024-06-24 00:00:00,SOL/USD,128.5776,132.4861,122.0000,132.2991,33001.70,4366095.20847
1719100800,2024-06-23 00:00:00,SOL/USD,133.6312,134.9739,128.1686,128.5625,7279.26,935839.86375
1719014400,2024-06-22 00:00:00,SOL/USD,134.6797,136.6209,133.0128,133.6566,8456.98,1130331.193068
1718928000,2024-06-21 00:00:00,SOL/USD,133.4810,135.2704,128.6517,134.4562,21141.28,2842576.1719359998
1718841600,2024-06-20 00:00:00,SOL/USD,135.1100,141.0962,131.8743,133.5107,27518.27,3673983.4904890005
1718755200,2024-06-19 00:00:00,SOL/USD,136.9327,141.7819,134.6163,135.3352,7550.39,1021833.540728
1718668800,2024-06-18 00:00:00,SOL/USD,143.5481,143.6819,127.9000,137.5535,41026.73,5643370.305055001
1718582400,2024-06-17 00:00:00,SOL/USD,151.1322,151.6299,139.8700,143.4258,21075.65,3022791.9617700004
1718496000,2024-06-16 00:00:00,SOL/USD,145.4411,151.1322,143.0711,151.0874,9692.54,1464420.6679960003
1718409600,2024-06-15 00:00:00,SOL/USD,143.0071,145.6138,143.0000,145.3405,6711.46,975446.95213
1718323200,2024-06-14 00:00:00,SOL/USD,147.7796,148.9178,139.7239,142.9932,20093.30,2873205.2655599997
1718236800,2024-06-13 00:00:00,SOL/USD,155.0946,155.0946,146.0232,147.5939,16782.49,2476993.1508110003
1718150400,2024-06-12 00:00:00,SOL/USD,149.3072,161.7612,145.6173,154.9049,40436.90,6263873.95081
1718064000,2024-06-11 00:00:00,SOL/USD,158.9816,159.4303,145.1986,149.3782,29820.79,4454575.932778
1717977600,2024-06-10 00:00:00,SOL/USD,162.1140,162.8254,157.5722,158.7980,13788.67,2189613.2186600002
1717891200,2024-06-09 00:00:00,SOL/USD,157.9311,162.9600,156.7478,162.1273,7647.54,1239875.0118419998
1717804800,2024-06-08 00:00:00,SOL/USD,162.1960,163.7653,157.3801,157.7929,8600.71,1357130.972959
1717718400,2024-06-07 00:00:00,SOL/USD,170.1158,172.6219,153.2101,162.4080,24799.45,4027629.0755999996
1717632000,2024-06-06 00:00:00,SOL/USD,173.2795,174.3174,167.6187,169.9450,9406.08,1598516.2655999998
1717545600,2024-06-05 00:00:00,SOL/USD,171.8478,175.5252,171.3000,173.4337,9688.62,1680333.214494
1717459200,2024-06-04 00:00:00,SOL/USD,164.8732,171.8530,164.4825,171.8405,10985.26,1887712.57103
1717372800,2024-06-03 00:00:00,SOL/USD,162.9955,167.1750,161.7377,164.8652,9350.37,1541550.6201240001
1717286400,2024-06-02 00:00:00,SOL/USD,166.1603,166.9114,161.3749,163.2432,5643.23,921218.923536
1717200000,2024-06-01 00:00:00,SOL/USD,165.5647,167.7754,165.5647,165.8015,3575.68,592853.10752
1717113600,2024-05-31 00:00:00,SOL/USD,166.8000,170.7736,163.8623,165.7641,10475.17,1736407.127397
1717027200,2024-05-30 00:00:00,SOL/USD,168.1435,172.5647,163.5271,166.9000,15225.27,2541097.563
1716940800,2024-05-29 00:00:00,SOL/USD,168.8494,173.6880,167.2218,167.9871,22968.13,3858349.551123
1716854400,2024-05-28 00:00:00,SOL/USD,169.7756,173.0101,164.8685,168.6200,13399.70,2259457.4140000003
1716768000,2024-05-27 00:00:00,SOL/USD,163.3527,172.0738,163.3527,169.8850,15399.38,2616123.6712999996
1716681600,2024-05-26 00:00:00,SOL/USD,168.1064,168.1609,160.9098,163.3490,11517.46,1881365.5735399998
1716595200,2024-05-25 00:00:00,SOL/USD,167.4665,170.3445,166.0578,168.3457,7330.18,1234004.283226
1716508800,2024-05-24 00:00:00,SOL/USD,176.0289,176.0289,162.4645,168.1004,28695.10,4823657.78804
1716422400,2024-05-23 00:00:00,SOL/USD,177.2476,180.7703,166.1016,175.9958,20157.19,3547580.7798019997
1716336000,2024-05-22 00:00:00,SOL/USD,178.2601,183.2844,175.0374,176.7943,27877.29,4928545.971447
1716249600,2024-05-21 00:00:00,SOL/USD,186.7606,188.7846,174.2800,178.1507,37826.07,6738740.848749
1716163200,2024-05-20 00:00:00,SOL/USD,170.1117,188.3164,167.9400,186.7340,29059.35,5426368.6629
1716076800,2024-05-19 00:00:00,SOL/USD,172.5011,175.1462,166.1000,169.9337,11168.05,1897828.0582849998
1715990400,2024-05-18 00:00:00,SOL/USD,169.1120,176.0000,168.8394,172.4800,16935.67,2921064.3615999995
1715904000,2024-05-17 00:00:00,SOL/USD,159.4204,172.1121,159.4084,169.3316,23847.07,4038062.518412
1715817600,2024-05-16 00:00:00,SOL/USD,158.6637,164.6138,156.7251,159.2780,25027.61,3986347.66558
1715731200,2024-05-15 00:00:00,SOL/USD,141.9202,158.7430,141.1888,158.6135,34085.63,5406441.074004999
1715644800,2024-05-14 00:00:00,SOL/USD,147.2883,148.9835,141.8800,141.9645,24016.04,3409425.1105799996
1715558400,2024-05-13 00:00:00,SOL/USD,143.5308,150.6159,138.0000,147.2599,28068.17,4133315.9073829995
1715472000,2024-05-12 00:00:00,SOL/USD,145.9251,147.6128,142.6882,143.5953,16909.27,2428091.698431
1715385600,2024-05-11 00:00:00,SOL/USD,146.0115,147.4893,143.3000,145.3438,8731.70,1269098.45846
1715299200,2024-05-10 00:00:00,SOL/USD,152.7049,155.5048,144.6938,146.2343,13131.02,1920205.517986
1715212800,2024-05-09 00:00:00,SOL/USD,142.0109,153.1417,140.5300,152.7129,9491.26,1449437.839254
1715126400,2024-05-08 00:00:00,SOL/USD,147.9554,149.7831,140.0713,142.3300,27193.70,3870479.3210000005
1715040000,2024-05-07 00:00:00,SOL/USD,153.1573,159.1181,147.8078,147.8078,14635.27,2163207.0611059996
1714953600,2024-05-06 00:00:00,SOL/USD,146.1245,156.5711,146.0985,152.5264,21090.66,3216882.443424
1714867200,2024-05-05 00:00:00,SOL/USD,147.0656,147.9760,143.2900,145.7681,6313.00,920234.0153
1714780800,2024-05-04 00:00:00,SOL/USD,143.8110,148.9451,142.6400,146.1132,5781.76,844791.4552320001
1714694400,2024-05-03 00:00:00,SOL/USD,137.6377,145.1139,135.9509,143.5061,20009.88,2871539.840268
1714608000,2024-05-02 00:00:00,SOL/USD,134.6245,141.3011,128.2756,137.6479,36297.14,4996225.097006
1714521600,2024-05-01 00:00:00,SOL/USD,126.7048,135.6675,110.0000,134.6176,48405.25,6516198.582400001
1714435200,2024-04-30 00:00:00,SOL/USD,137.8653,139.5660,121.1842,126.7655,38556.27,4887604.844684999
1714348800,2024-04-29 00:00:00,SOL/USD,137.5424,138.7444,133.5416,137.6379,14597.01,2009101.802679
1714262400,2024-04-28 00:00:00,SOL/USD,141.3710,144.5665,137.2469,137.9691,9093.18,1254577.860738
1714176000,2024-04-27 00:00:00,SOL/USD,139.4067,142.4979,133.1830,141.5029,17481.26,2473648.985654
1714089600,2024-04-26 00:00:00,SOL/USD,144.8500,145.7376,138.8800,138.9701,9136.05,1269637.782105
1714003200,2024-04-25 00:00:00,SOL/USD,147.3401,149.2111,142.1834,144.9600,23994.10,3478184.736
1713916800,2024-04-24 00:00:00,SOL/USD,154.6023,159.5800,145.4486,147.8169,41317.37,6107405.549553
1713830400,2024-04-23 00:00:00,SOL/USD,157.2097,160.0159,153.1712,154.6751,35837.85,5543223.032534999
1713744000,2024-04-22 00:00:00,SOL/USD,149.0000,158.5000,147.1676,157.0745,31901.28,5010877.605359999
1713657600,2024-04-21 00:00:00,SOL/USD,151.2034,152.9900,146.8004,148.5902,25428.19,3778379.837738
1713571200,2024-04-20 00:00:00,SOL/USD,142.3314,152.3197,139.8400,151.2030,39326.31,5946256.05093
1713484800,2024-04-19 00:00:00,SOL/USD,141.6056,147.3987,128.6174,142.5437,41621.63,5932901.140230999
1713398400,2024-04-18 00:00:00,SOL/USD,131.3920,143.9500,127.8000,142.3952,27047.92,3851493.9779839995
1713312000,2024-04-17 00:00:00,SOL/USD,136.2599,142.5901,126.9738,131.6185,38068.77,5010554.404245
1713225600,2024-04-16 00:00:00,SOL/USD,138.4903,140.3325,126.6058,136.4135,35634.16,4860980.485160001
1713139200,2024-04-15 00:00:00,SOL/USD,151.2627,156.0356,133.7902,138.6161,64909.83,8997547.486263
1713052800,2024-04-14 00:00:00,SOL/USD,138.3720,152.7841,130.5723,151.5455,41031.28,6218105.84324
1712966400,2024-04-13 00:00:00,SOL/USD,153.0440,154.8013,120.0101,138.7838,91593.40,12711680.10692
1712880000,2024-04-12 00:00:00,SOL/USD,172.8969,175.8653,142.5240,153.4905,60948.70,9355046.43735
1712793600,2024-04-11 00:00:00,SOL/USD,173.2890,176.2522,170.4297,172.5090,11064.40,1908708.5795999998
1712707200,2024-04-10 00:00:00,SOL/USD,172.2770,175.3751,162.4000,172.9253,17979.77,3109157.121181
1712620800,2024-04-09 00:00:00,SOL/USD,180.5578,180.7848,169.2372,172.4404,17876.50,3082630.8106
1712534400,2024-04-08 00:00:00,SOL/USD,178.9905,184.9796,175.5399,180.6842,32436.05,5860681.74541
1712448000,2024-04-07 00:00:00,SOL/USD,178.6903,185.0000,176.5684,179.8250,18784.37,3377899.3352499995
1712361600,2024-04-06 00:00:00,SOL/USD,174.1721,179.6569,173.8417,179.3408,18672.37,3348717.7736959998
1712275200,2024-04-05 00:00:00,SOL/USD,183.9378,185.0897,168.1000,174.5800,36813.14,6426837.9812
1712188800,2024-04-04 00:00:00,SOL/USD,185.0256,190.2201,180.3610,183.8441,33695.45,6194709.679345
1712102400,2024-04-03 00:00:00,SOL/USD,181.4947,191.9268,176.9500,185.8713,43175.60,8025104.90028
1712016000,2024-04-02 00:00:00,SOL/USD,192.2542,192.2542,176.0000,181.5697,40294.32,7316227.594104
1711929600,2024-04-01 00:00:00,SOL/USD,202.4196,204.3479,187.0712,192.3165,17603.57,3385456.9699049997
1711843200,2024-03-31 00:00:00,SOL/USD,194.2340,203.1909,194.1193,202.5565,11311.99,2291317.102435
1711756800,2024-03-30 00:00:00,SOL/USD,192.1216,200.0000,190.9837,194.3839,16719.75,3250050.2120250002
1711670400,2024-03-29 00:00:00,SOL/USD,188.8306,193.0000,183.3647,192.1235,29686.35,5703445.464225
1711584000,2024-03-28 00:00:00,SOL/USD,186.0861,191.0170,180.6741,189.3569,25610.07,4849443.463983
1711497600,2024-03-27 00:00:00,SOL/USD,190.3753,192.5411,180.2141,186.0861,25262.43,4700987.075223
1711411200,2024-03-26 00:00:00,SOL/USD,188.5885,196.2362,186.5478,191.1625,22278.40,4258794.640000001
1711324800,2024-03-25 00:00:00,SOL/USD,183.3878,194.4600,181.0824,189.0600,68566.24,12963133.334400002
1711238400,2024-03-24 00:00:00,SOL/USD,172.6308,186.6900,171.2020,183.3206,27799.71,5096259.517026001
1711152000,2024-03-23 00:00:00,SOL/USD,174.5000,178.9400,171.2386,172.8274,13904.46,2403071.670204
1711065600,2024-03-22 00:00:00,SOL/USD,179.0450,181.7830,167.7944,174.6918,30093.85,5257148.82543
1710979200,2024-03-21 00:00:00,SOL/USD,191.6265,195.6382,176.0000,179.1345,43751.54,7837410.24213
1710892800,2024-03-20 00:00:00,SOL/USD,171.7679,193.2848,162.5000,191.4141,52607.16,10069752.184956
1710806400,2024-03-19 00:00:00,SOL/USD,195.9619,198.6551,165.7732,169.9079,89470.68,15201775.350372
1710720000,2024-03-18 00:00:00,SOL/USD,200.9557,209.6939,193.9883,195.9813,48652.75,9535029.193575
1710633600,2024-03-17 00:00:00,SOL/USD,182.0000,204.3542,178.4656,202.1377,37581.21,7596579.352616999
1710547200,2024-03-16 00:00:00,SOL/USD,183.9429,197.7906,177.0000,182.1096,62399.58,11363562.553968001
1710460800,2024-03-15 00:00:00,SOL/USD,176.6180,188.9005,164.6804,183.5350,74374.06,13650243.1021
1710374400,2024-03-14 00:00:00,SOL/USD,164.0000,178.0658,158.0450,176.6187,62715.71,11076767.169776998
1710288000,2024-03-13 00:00:00,SOL/USD,151.2391,166.5400,148.8575,163.7922,32413.56,5309088.302232
1710201600,2024-03-12 00:00:00,SOL/USD,148.9256,155.0000,141.6559,151.0198,37776.37,5704979.842126001
1710115200,2024-03-11 00:00:00,SOL/USD,144.5101,150.1065,136.8119,148.9071,31556.82,4699034.551422001
1710028800,2024-03-10 00:00:00,SOL/USD,144.5364,148.6916,140.6320,144.5042,18706.98,2703237.179316
1709942400,2024-03-09 00:00:00,SOL/USD,145.7457,149.4622,144.0001,144.3684,7226.66,1043301.3415440001
1709856000,2024-03-08 00:00:00,SOL/USD,144.6154,152.8401,142.3335,145.2143,19659.90,2854898.6165700005
1709769600,2024-03-07 00:00:00,SOL/USD,130.9213,149.2783,130.8396,144.1363,38573.05,5559776.706715001
1709683200,2024-03-06 00:00:00,SOL/USD,125.6980,134.8000,120.2264,130.7899,41854.82,5474187.722317999
1709596800,2024-03-05 00:00:00,SOL/USD,133.4508,142.6930,107.1015,125.5523,82947.05,10414192.905715
1709510400,2024-03-04 00:00:00,SOL/USD,130.5651,134.9597,127.5021,133.4880,24923.11,3326936.10768
1709424000,2024-03-03 00:00:00,SOL/USD,130.0801,131.7489,121.5500,130.4312,7442.81,970774.639672
1709337600,2024-03-02 00:00:00,SOL/USD,129.5171,131.7089,127.5202,129.5600,13495.59,1748488.6404000001
1709251200,2024-03-01 00:00:00,SOL/USD,126.4938,137.4519,126.2908,129.6094,44409.69,5755913.275086
1709164800,2024-02-29 00:00:00,SOL/USD,119.0200,134.6451,117.4500,125.5336,60393.96,7581471.217056001
1709078400,2024-02-28 00:00:00,SOL/USD,108.4895,120.0000,107.4376,119.0200,60220.00,7167384.399999999
1708992000,2024-02-27 00:00:00,SOL/USD,109.9666,112.3857,105.5402,108.4189,19662.91,2131831.072999
1708905600,2024-02-26 00:00:00,SOL/USD,103.4302,110.8293,100.4439,109.9013,14325.55,1574396.568215
1708819200,2024-02-25 00:00:00,SOL/USD,103.6237,104.3769,101.9998,103.3982,3826.46,395649.07637200004
1708732800,2024-02-24 00:00:00,SOL/USD,99.8423,104.7054,98.5377,104.4050,7084.24,739630.0771999999
1708646400,2024-02-23 00:00:00,SOL/USD,101.6610,103.0043,98.8193,99.9131,19716.40,1969926.6448400002
1708560000,2024-02-22 00:00:00,SOL/USD,104.7755,107.0800,101.5000,101.6910,22676.66,2306012.23206
1708473600,2024-02-21 00:00:00,SOL/USD,108.2047,108.2047,100.2820,105.0379,25212.55,2648273.3056449997
1708387200,2024-02-20 00:00:00,SOL/USD,111.5420,112.0024,103.9465,108.8879,19328.78,2104670.263762
1708300800,2024-02-19 00:00:00,SOL/USD,112.4460,114.7826,110.8667,111.8281,8211.98,918330.120638
1708214400,2024-02-18 00:00:00,SOL/USD,108.8301,113.6446,107.6185,112.2574,13458.82,1510852.140268
1708128000,2024-02-17 00:00:00,SOL/USD,110.6798,111.1406,105.7300,109.0313,5334.04,581577.315452
1708041600,2024-02-16 00:00:00,SOL/USD,113.3916,114.1379,108.0000,110.3819,23358.17,2578319.185123
1707955200,2024-02-15 00:00:00,SOL/USD,117.0891,118.2953,111.6588,113.8026,34925.74,3974640.0189239997
1707868800,2024-02-14 00:00:00,SOL/USD,112.0198,118.7177,110.7378,117.1940,29925.16,3507049.20104
1707782400,2024-02-13 00:00:00,SOL/USD,111.9424,115.0000,108.5798,112.4650,22638.32,2546018.6588
1707696000,2024-02-12 00:00:00,SOL/USD,108.1903,112.1071,103.4724,111.8274,17935.65,2005697.10681
1707609600,2024-02-11 00:00:00,SOL/USD,108.9846,110.3500,107.4025,107.4274,5103.85,548293.3354900001
1707523200,2024-02-10 00:00:00,SOL/USD,106.9997,110.9790,106.9997,109.1275,47090.51,5138869.630025
1707436800,2024-02-09 00:00:00,SOL/USD,103.1279,109.0379,103.0373,106.8469,24938.62,2664614.237278
1707350400,2024-02-08 00:00:00,SOL/USD,101.2004,104.9745,100.0516,103.0923,47681.87,4915633.646601
1707264000,2024-02-07 00:00:00,SOL/USD,96.8827,101.5111,94.5811,100.9600,38463.46,3883270.9215999995
1707177600,2024-02-06 00:00:00,SOL/USD,95.4665,97.9296,93.1720,96.8917,17678.30,1712880.54011
1707091200,2024-02-05 00:00:00,SOL/USD,95.4376,98.3865,94.1436,95.6309,7250.97,693416.786973
1707004800,2024-02-04 00:00:00,SOL/USD,97.7531,98.4240,95.1200,95.2713,6370.36,606912.478668
1706918400,2024-02-03 00:00:00,SOL/USD,100.0374,101.0000,96.4452,97.5677,10586.49,1032899.480373
1706832000,2024-02-02 00:00:00,SOL/USD,97.7980,102.4500,97.3701,100.4142,46775.07,4696881.233994
1706745600,2024-02-01 00:00:00,SOL/USD,97.1148,98.0152,93.1415,97.8562,27245.96,2666186.110952
1706659200,2024-01-31 00:00:00,SOL/USD,101.4072,102.6460,93.5000,97.1065,68715.09,6672681.887084999
1706572800,2024-01-30 00:00:00,SOL/USD,101.7042,106.3918,101.0691,101.4729,51379.28,5213604.541511999
1706486400,2024-01-29 00:00:00,SOL/USD,95.9797,101.7558,95.1471,101.3500,58636.76,5942835.626
1706400000,2024-01-28 00:00:00,SOL/USD,94.2830,99.3916,92.0002,95.9398,47429.59,4550385.378682
1706313600,2024-01-27 00:00:00,SOL/USD,92.9043,94.5529,90.8067,94.1424,10614.94,999315.927456
1706227200,2024-01-26 00:00:00,SOL/USD,86.4523,93.5600,86.2397,92.3888,22564.86,2084740.3375680002
1706140800,2024-01-25 00:00:00,SOL/USD,88.5197,89.4675,85.4528,86.9700,12670.52,1101955.1244
1706054400,2024-01-24 00:00:00,SOL/USD,84.1618,89.1611,83.4628,88.7225,33734.32,2992993.2062
1705968000,2024-01-23 00:00:00,SOL/USD,83.9151,85.8801,78.8700,84.2758,48018.43,4046791.602994
1705881600,2024-01-22 00:00:00,SOL/USD,91.0147,91.3855,82.0000,83.3075,36029.60,3001535.9020000002
1705795200,2024-01-21 00:00:00,SOL/USD,92.7083,93.6881,90.8684,91.0055,6212.83,565401.700565
1705708800,2024-01-20 00:00:00,SOL/USD,93.5528,93.8613,90.2300,92.6569,7514.56,696275.834464
1705622400,2024-01-19 00:00:00,SOL/USD,94.1314,95.1431,87.0055,93.3253,33288.19,3106630.3182070004
1705536000,2024-01-18 00:00:00,SOL/USD,102.1458,103.4004,91.4542,94.2539,31185.42,2939347.4581379998
1705449600,2024-01-17 00:00:00,SOL/USD,97.9148,102.5000,96.7162,102.1680,24534.16,2506606.05888
1705363200,2024-01-16 00:00:00,SOL/USD,95.0358,99.1199,94.2299,97.6464,20948.57,2045552.4456479999
1705276800,2024-01-15 00:00:00,SOL/USD,93.9701,96.7998,93.0059,94.4919,15332.99,1448843.357781
1705190400,2024-01-14 00:00:00,SOL/USD,95.8908,107.0000,93.7262,94.1329,29972.02,2821353.161458
1705104000,2024-01-13 00:00:00,SOL/USD,92.4461,97.0747,90.0000,95.7918,15548.51,1489419.760218
1705017600,2024-01-12 00:00:00,SOL/USD,99.9271,100.4822,87.1011,92.0437,26833.01,2469809.522537
1704931200,2024-01-11 00:00:00,SOL/USD,101.0009,107.2203,97.9157,99.8176,16504.37,1647426.602912
1704844800,2024-01-10 00:00:00,SOL/USD,99.0821,105.3961,92.2385,102.1596,42537.28,4345591.509888
1704758400,2024-01-09 00:00:00,SOL/USD,97.6737,104.1145,95.3423,99.3182,48314.82,4798540.955724
1704672000,2024-01-08 00:00:00,SOL/USD,89.2691,99.9691,85.4225,97.6280,38815.92,3789520.63776
1704585600,2024-01-07 00:00:00,SOL/USD,93.9312,98.0000,87.9200,89.5025,20948.35,1874929.6958749997
1704499200,2024-01-06 00:00:00,SOL/USD,100.0114,100.0114,90.0000,93.8418,14305.40,1342444.48572
1704412800,2024-01-05 00:00:00,SOL/USD,105.1440,105.2786,94.4651,99.9417,39634.10,3961099.3319699997
1704326400,2024-01-04 00:00:00,SOL/USD,98.6500,108.0929,96.7300,105.0000,15154.18,1591188.9000000001
1704240000,2024-01-03 00:00:00,SOL/USD,106.7720,115.0000,84.0001,98.6499,58296.98,5750991.247302
1704153600,2024-01-02 00:00:00,SOL/USD,109.9195,117.3294,106.3160,106.5749,30859.14,3288809.759586
1704067200,2024-01-01 00:00:00,SOL/USD,101.8000,109.8735,101.1395,109.8735,13889.27,1526062.7073450002
1703980800,2023-12-31 00:00:00,SOL/USD,102.0217,105.1098,99.7488,101.2966,17688.24,1791758.571984
1703894400,2023-12-30 00:00:00,SOL/USD,106.1691,107.5200,100.9829,102.2344,11055.27,1130228.8952879999
1703808000,2023-12-29 00:00:00,SOL/USD,101.8199,109.9763,95.9672,106.2942,47985.78,5100610.096476
1703721600,2023-12-28 00:00:00,SOL/USD,106.8000,110.0000,97.2800,102.0300,45518.03,4644204.6009
1703635200,2023-12-27 00:00:00,SOL/USD,112.7580,115.3388,103.0000,106.8200,36180.77,3864829.8513999996
1703548800,2023-12-26 00:00:00,SOL/USD,121.0172,121.0172,102.0003,112.5778,43020.33,4843134.106674
1703462400,2023-12-25 00:00:00,SOL/USD,112.8760,126.1100,108.1016,121.4304,35030.63,4253783.413152
1703376000,2023-12-24 00:00:00,SOL/USD,108.0766,118.0000,107.4600,112.6177,39717.45,4472887.868865
1703289600,2023-12-23 00:00:00,SOL/USD,97.5888,110.2834,93.1487,107.9583,37005.99,3995103.7702169996
1703203200,2023-12-22 00:00:00,SOL/USD,94.3686,99.3368,90.3453,97.8570,29029.94,2840782.8385799997
1703116800,2023-12-21 00:00:00,SOL/USD,82.3527,98.2400,81.0835,93.7689,49934.90,4682340.64461
1703030400,2023-12-20 00:00:00,SOL/USD,73.3100,84.0600,73.2600,82.0654,30576.96,2509310.4531839998
1702944000,2023-12-19 00:00:00,SOL/USD,74.5657,76.9967,71.8095,72.9961,26214.61,1913564.293021
1702857600,2023-12-18 00:00:00,SOL/USD,70.8140,75.4389,67.3000,74.4430,15480.84,1152440.17212
1702771200,2023-12-17 00:00:00,SOL/USD,73.7549,74.6299,70.4273,71.0411,11260.14,799932.731754
1702684800,2023-12-16 00:00:00,SOL/USD,72.7545,77.1400,71.4801,73.3402,7394.41,542307.508282
1702598400,2023-12-15 00:00:00,SOL/USD,75.5435,79.4295,62.6200,72.5905,23946.56,1738292.7636800003
1702512000,2023-12-14 00:00:00,SOL/USD,70.7178,76.0070,68.3199,75.6700,29698.42,2247279.4414
1702425600,2023-12-13 00:00:00,SOL/USD,68.2698,72.4674,63.7600,70.6460,25430.62,1796571.5805199998
1702339200,2023-12-12 00:00:00,SOL/USD,70.5993,73.7500,65.8500,68.6061,28587.80,1961297.4655799998
1702252800,2023-12-11 00:00:00,SOL/USD,74.4100,74.4934,65.3293,70.2400,11110.48,780400.1151999999
1702166400,2023-12-10 00:00:00,SOL/USD,72.2593,74.7198,71.0200,74.7198,5378.75,401899.12425000005
1702080000,2023-12-09 00:00:00,SOL/USD,75.3700,77.6900,71.8600,72.2400,18401.53,1329326.5272
1701993600,2023-12-08 00:00:00,SOL/USD,68.2903,75.1700,68.2000,74.9500,35391.16,2652567.4420000003
1701907200,2023-12-07 00:00:00,SOL/USD,61.7633,69.3600,61.1000,67.8798,41644.46,2826817.615908
1701820800,2023-12-06 00:00:00,SOL/USD,61.1143,66.4451,61.1143,61.7800,27609.60,1705721.088
1701734400,2023-12-05 00:00:00,SOL/USD,61.0901,62.5900,59.4103,61.0400,14103.57,860881.9127999999
1701648000,2023-12-04 00:00:00,SOL/USD,63.0315,65.2068,55.0000,61.4800,25966.43,1596416.1164
1701561600,2023-12-03 00:00:00,SOL/USD,63.9497,65.4066,61.7001,63.0799,10238.03,645813.9085970001
1701475200,2023-12-02 00:00:00,SOL/USD,60.2100,65.2997,60.2100,63.5997,9296.79,591273.054963
1701388800,2023-12-01 00:00:00,SOL/USD,59.1800,61.7700,58.8459,60.0001,12419.58,745176.041958
1701302400,2023-11-30 00:00:00,SOL/USD,59.0800,61.6299,58.8998,59.6400,18577.30,1107950.172
1701216000,2023-11-29 00:00:00,SOL/USD,58.2800,61.6903,58.1200,59.0901,16611.02,981546.832902
1701129600,2023-11-28 00:00:00,SOL/USD,55.0400,58.6105,53.0241,57.8047,12073.88,697927.0112359999
1701043200,2023-11-27 00:00:00,SOL/USD,57.9600,57.9600,53.7901,54.9900,7305.85,401748.6915
1700956800,2023-11-26 00:00:00,SOL/USD,58.7900,59.5893,56.4986,57.4000,4351.13,249754.862
1700870400,2023-11-25 00:00:00,SOL/USD,56.3331,59.8898,55.8297,58.8500,6751.20,397308.12
1700784000,2023-11-24 00:00:00,SOL/USD,57.0800,59.8956,56.7548,56.8131,11556.74,656574.225294
1700697600,2023-11-23 00:00:00,SOL/USD,57.7575,59.1324,56.2000,56.4562,9496.11,536114.285382
1700611200,2023-11-22 00:00:00,SOL/USD,51.4982,58.9000,51.4982,57.5810,13285.82,765010.80142
1700524800,2023-11-21 00:00:00,SOL/USD,56.2781,57.2098,51.4982,51.6701,23578.04,1218279.684604
1700438400,2023-11-20 00:00:00,SOL/USD,60.8517,61.1700,56.0700,56.4600,21175.44,1195565.3424
1700352000,2023-11-19 00:00:00,SOL/USD,57.5000,62.0500,56.9359,61.4399,14031.60,862100.1008400001
1700265600,2023-11-18 00:00:00,SOL/USD,57.7500,59.2650,54.8333,58.3700,7773.37,453731.60689999996
1700179200,2023-11-17 00:00:00,SOL/USD,57.8693,60.4800,54.1009,58.5600,24053.36,1408564.7616
1700092800,2023-11-16 00:00:00,SOL/USD,65.7800,68.1698,56.4200,57.4800,61134.86,3514031.7528
1700006400,2023-11-15 00:00:00,SOL/USD,57.8815,67.3789,56.3200,65.5761,68398.67,4485318.023786999
1699920000,2023-11-14 00:00:00,SOL/USD,51.4000,58.7938,51.4000,57.0869,33324.85,1902412.379465
1699833600,2023-11-13 00:00:00,SOL/USD,56.0577,59.7627,51.6615,51.6615,43005.27,2221716.7561049997
1699747200,2023-11-12 00:00:00,SOL/USD,56.9991,63.9000,54.6278,56.4271,33445.93,1887256.8367030001
1699660800,2023-11-11 00:00:00,SOL/USD,56.7080,64.2743,53.7823,56.0507,85726.72,4805042.664704
1699574400,2023-11-10 00:00:00,SOL/USD,45.1857,57.4491,45.1857,56.7189,99677.93,5653622.543876999
1699488000,2023-11-09 00:00:00,SOL/USD,43.0861,48.8500,40.7000,45.3800,77337.11,3509558.0518
1699401600,2023-11-08 00:00:00,SOL/USD,42.8352,43.8000,42.3207,43.3633,15265.59,661966.358847
1699315200,2023-11-07 00:00:00,SOL/USD,42.2340,44.8100,40.2729,42.9400,26509.97,1138338.1118
1699228800,2023-11-06 00:00:00,SOL/USD,41.1217,42.4999,39.7221,42.1334,10835.93,456554.57306200004
1699142400,2023-11-05 00:00:00,SOL/USD,42.4966,42.6976,40.1730,41.4500,12644.30,524106.235
1699056000,2023-11-04 00:00:00,SOL/USD,39.2460,43.0000,39.1540,42.3423,16526.40,699765.7867200001
1698969600,2023-11-03 00:00:00,SOL/USD,39.5645,40.0887,38.0191,39.4510,26807.32,1057575.58132
1698883200,2023-11-02 00:00:00,SOL/USD,41.1697,44.5568,38.5739,40.2338,32197.96,1295446.283048
1698796800,2023-11-01 00:00:00,SOL/USD,38.5150,47.3999,37.8909,41.1306,38818.03,1596608.864718
1698710400,2023-10-31 00:00:00,SOL/USD,34.9186,38.5243,34.8936,38.5100,14221.93,547686.5242999999
1698624000,2023-10-30 00:00:00,SOL/USD,32.9539,35.1366,32.3558,34.9560,12708.75,444247.06500000006
1698537600,2023-10-29 00:00:00,SOL/USD,31.5863,33.1800,31.3776,32.7600,6983.90,228792.56399999998
1698451200,2023-10-28 00:00:00,SOL/USD,31.8000,32.4574,31.4379,31.6316,1496.57,47338.903611999995
1698364800,2023-10-27 00:00:00,SOL/USD,32.6565,33.2796,30.9190,31.8335,7696.98,245021.81282999998
1698278400,2023-10-26 00:00:00,SOL/USD,32.3200,33.2300,30.8200,32.8500,20963.06,688636.5210000001
1698192000,2023-10-25 00:00:00,SOL/USD,30.1055,33.7800,30.1055,32.4844,29735.26,965932.079944
1698105600,2023-10-24 00:00:00,SOL/USD,31.9412,33.3401,29.5997,30.0709,28487.63,856648.672967
1698019200,2023-10-23 00:00:00,SOL/USD,29.0100,32.8400,28.8694,31.9412,38563.12,1231752.328544
1697932800,2023-10-22 00:00:00,SOL/USD,29.3922,29.8820,28.2754,28.9301,19783.22,572330.532922
1697846400,2023-10-21 00:00:00,SOL/USD,27.0796,30.2799,26.6665,29.3922,20240.76,594920.466072
1697760000,2023-10-20 00:00:00,SOL/USD,25.0172,27.4789,25.0172,27.0500,17713.90,479160.99500000005
1697673600,2023-10-19 00:00:00,SOL/USD,23.4693,25.7241,23.1789,24.9333,12859.46,320628.77401799994
1697587200,2023-10-18 00:00:00,SOL/USD,23.9318,24.3900,23.3877,23.4351,7695.73,180350.20212299997
1697500800,2023-10-17 00:00:00,SOL/USD,23.9149,24.5530,23.4747,23.9343,8636.56,206710.01800799998
1697414400,2023-10-16 00:00:00,SOL/USD,21.9238,24.7619,21.9238,23.9709,14392.77,345007.650393
1697328000,2023-10-15 00:00:00,SOL/USD,21.9514,22.1000,21.6855,21.9248,1563.82,34286.440736
1697241600,2023-10-14 00:00:00,SOL/USD,21.8703,22.1800,21.8423,21.9846,870.95,19147.487370000003
1697155200,2023-10-13 00:00:00,SOL/USD,21.2845,22.1394,21.1180,21.8200,11564.77,252343.2814
1697068800,2023-10-12 00:00:00,SOL/USD,21.8221,21.8221,20.9963,21.2725,3922.68,83445.2103
1696982400,2023-10-11 00:00:00,SOL/USD,22.0827,22.3827,21.7800,21.9224,6956.48,152502.737152
1696896000,2023-10-10 00:00:00,SOL/USD,22.0600,22.5257,21.6713,22.1168,13545.12,299574.710016
1696809600,2023-10-09 00:00:00,SOL/USD,23.1150,23.3299,21.5000,22.0847,11444.24,252742.607128
1696723200,2023-10-08 00:00:00,SOL/USD,23.3099,23.5701,23.1011,23.2400,1633.60,37964.863999999994
1696636800,2023-10-07 00:00:00,SOL/USD,23.4196,24.1918,23.2600,23.2600,3225.53,75025.82780000001
1696550400,2023-10-06 00:00:00,SOL/USD,22.6788,23.6918,22.6788,23.3926,7354.36,172037.601736
1696464000,2023-10-05 00:00:00,SOL/USD,23.1001,23.7199,22.5909,22.7061,4131.48,93809.79802799999
1696377600,2023-10-04 00:00:00,SOL/USD,23.6656,24.4999,22.5821,23.2030,21971.51,509804.94652999996
1696291200,2023-10-03 00:00:00,SOL/USD,23.3687,24.6614,22.0110,23.5339,16376.37,385399.853943
1696204800,2023-10-02 00:00:00,SOL/USD,23.9200,24.7354,22.8961,23.3882,15103.77,353249.99351400003
1696118400,2023-10-01 00:00:00,SOL/USD,21.3186,24.4679,21.1518,23.8586,19474.89,464643.61055399996
1696032000,2023-09-30 00:00:00,SOL/USD,20.2858,22.2197,20.0763,21.3876,12373.12,264631.341312
1695945600,2023-09-29 00:00:00,SOL/USD,19.9900,20.3872,19.9900,20.3125,5420.08,110095.375
1695859200,2023-09-28 00:00:00,SOL/USD,19.2935,19.8600,19.1102,19.8600,6071.40,120578.00399999999
1695772800,2023-09-27 00:00:00,SOL/USD,19.0485,19.4745,18.7055,19.1406,9612.88,183996.29092799997
1695686400,2023-09-26 00:00:00,SOL/USD,19.3826,19.4927,18.9339,19.0096,6003.15,114117.48023999999
1695600000,2023-09-25 00:00:00,SOL/USD,19.3492,19.7229,19.1501,19.3544,7776.48,150509.104512
1695513600,2023-09-24 00:00:00,SOL/USD,19.4902,19.6664,19.2136,19.3413,4469.31,86442.265503
1695427200,2023-09-23 00:00:00,SOL/USD,19.5029,19.5700,19.3884,19.4156,94.34,1831.6677040000002
1695340800,2023-09-22 00:00:00,SOL/USD,19.3110,19.7555,19.2693,19.4712,2731.35,53182.66211999999
1695254400,2023-09-21 00:00:00,SOL/USD,20.2596,20.2596,19.3299,19.4089,5519.36,107124.70630399999
1695168000,2023-09-20 00:00:00,SOL/USD,20.0799,20.4992,19.8734,20.3629,3712.02,75587.492058
1695081600,2023-09-19 00:00:00,SOL/USD,19.6632,20.3725,19.5683,20.0541,12248.18,245626.226538
1694995200,2023-09-18 00:00:00,SOL/USD,18.7993,20.1300,18.6767,19.6298,11921.62,234019.016276
1694908800,2023-09-17 00:00:00,SOL/USD,18.8001,19.0804,18.6852,18.7761,596.81,11205.764240999999
1694822400,2023-09-16 00:00:00,SOL/USD,19.1491,19.3839,18.8731,19.1100,3051.16,58307.66759999999
1694736000,2023-09-15 00:00:00,SOL/USD,18.7400,19.2548,18.6610,19.2055,3291.76,63219.896680000005
1694649600,2023-09-14 00:00:00,SOL/USD,18.4790,19.1559,18.4790,18.8288,10063.08,189475.720704
1694563200,2023-09-13 00:00:00,SOL/USD,18.0183,18.5198,17.8711,18.3703,17989.83,330478.57404900005
1694476800,2023-09-12 00:00:00,SOL/USD,17.6107,18.7597,17.6107,17.9487,5039.75,90456.96082499999
1694390400,2023-09-11 00:00:00,SOL/USD,18.0693,18.3966,17.3551,17.7099,18981.03,336152.143197
1694304000,2023-09-10 00:00:00,SOL/USD,19.3911,19.3911,17.8177,18.3160,22515.65,412396.6454
1694217600,2023-09-09 00:00:00,SOL/USD,19.5322,19.5741,19.4078,19.4078,2075.95,40289.62241
1694131200,2023-09-08 00:00:00,SOL/USD,19.8986,20.2122,19.4472,19.5000,4649.97,90674.41500000001
1694044800,2023-09-07 00:00:00,SOL/USD,19.6498,19.9985,19.3293,19.9212,10809.62,215340.601944
1693958400,2023-09-06 00:00:00,SOL/USD,20.3713,20.3713,19.1455,19.5581,14199.80,277721.10838
1693872000,2023-09-05 00:00:00,SOL/USD,19.4608,20.5898,19.1005,20.2399,7930.56,160513.741344
1693785600,2023-09-04 00:00:00,SOL/USD,19.7780,19.8400,19.2266,19.4463,20285.43,394476.557409
1693699200,2023-09-03 00:00:00,SOL/USD,19.4676,19.5888,19.3180,19.5888,1692.66,33157.178208
1693612800,2023-09-02 00:00:00,SOL/USD,19.3720,19.6093,19.2512,19.4846,2649.51,51624.642546
1693526400,2023-09-01 00:00:00,SOL/USD,19.8627,19.9100,19.0664,19.2761,5303.21,102225.20628099999
1693440000,2023-08-31 00:00:00,SOL/USD,20.7422,21.0196,19.4625,19.8000,7393.12,146383.776
1693353600,2023-08-30 00:00:00,SOL/USD,21.8464,21.8940,20.6390,20.8476,4287.56,89385.335856
1693267200,2023-08-29 00:00:00,SOL/USD,20.5426,22.0161,20.1500,21.7364,15273.57,331992.426948
1693180800,2023-08-28 00:00:00,SOL/USD,20.7311,20.7476,20.0256,20.5497,5212.28,107110.790316
1693094400,2023-08-27 00:00:00,SOL/USD,20.3636,20.8624,20.2547,20.7753,2246.37,46669.010661
1693008000,2023-08-26 00:00:00,SOL/USD,20.3694,20.4049,19.8608,20.2493,8010.52,162207.42263600003
1692921600,2023-08-25 00:00:00,SOL/USD,20.9965,20.9965,20.1689,20.3044,11910.76,241840.83534400002
1692835200,2023-08-24 00:00:00,SOL/USD,21.7804,21.9287,20.7156,21.0421,11744.93,247137.99155300003
1692748800,2023-08-23 00:00:00,SOL/USD,20.5854,21.7796,20.3656,21.6774,5505.73,119349.91150199999
1692662400,2023-08-22 00:00:00,SOL/USD,21.2164,21.2336,19.4993,20.5335,12850.94,263874.77649
1692576000,2023-08-21 00:00:00,SOL/USD,21.7523,21.7523,20.3465,21.2154,8775.50,186175.7427
1692489600,2023-08-20 00:00:00,SOL/USD,21.8764,21.9950,21.5890,21.7646,3671.55,79909.81713000001
1692403200,2023-08-19 00:00:00,SOL/USD,21.3911,22.1219,21.3660,21.9022,4888.71,107073.504162
1692316800,2023-08-18 00:00:00,SOL/USD,21.8945,22.9989,20.9229,21.2641,14749.68,313638.670488
1692230400,2023-08-17 00:00:00,SOL/USD,22.9025,23.3448,20.0770,21.7011,35635.40,773327.3789400001
1692144000,2023-08-16 00:00:00,SOL/USD,23.8631,23.9993,22.3683,22.7751,29898.49,680941.099599
1692057600,2023-08-15 00:00:00,SOL/USD,25.2000,25.3153,23.7347,23.8901,9341.42,223167.457942
1691971200,2023-08-14 00:00:00,SOL/USD,24.2089,25.2300,24.1277,25.1435,10512.32,264316.51792
1691884800,2023-08-13 00:00:00,SOL/USD,24.7641,24.8216,24.2376,24.3090,3039.99,73899.11691
1691798400,2023-08-12 00:00:00,SOL/USD,24.6546,25.1748,24.4274,24.8893,4528.63,112714.43065899999
1691712000,2023-08-11 00:00:00,SOL/USD,24.7135,24.8168,24.3943,24.5507,4174.49,102486.65164299999
1691625600,2023-08-10 00:00:00,SOL/USD,24.4116,24.7904,24.1107,24.6200,5680.12,139844.5544
1691539200,2023-08-09 00:00:00,SOL/USD,24.3200,24.9500,24.1715,24.3914,10857.70,264834.50378
1691452800,2023-08-08 00:00:00,SOL/USD,23.0790,24.7400,23.0528,24.1691,9041.79,218531.926689
1691366400,2023-08-07 00:00:00,SOL/USD,23.1672,23.6300,22.3278,23.0500,7017.01,161742.0805
1691280000,2023-08-06 00:00:00,SOL/USD,22.6486,23.4705,22.5900,23.1568,17289.01,400358.146768
1691193600,2023-08-05 00:00:00,SOL/USD,22.7308,22.8884,22.2222,22.6297,10576.09,239333.743873
1691107200,2023-08-04 00:00:00,SOL/USD,22.6300,23.5069,22.5000,22.8367,11012.38,251486.418346
1691020800,2023-08-03 00:00:00,SOL/USD,23.0888,23.3531,22.4576,22.6765,17127.07,388382.002855
1690934400,2023-08-02 00:00:00,SOL/USD,24.0502,24.2112,22.9518,23.1230,17882.62,413499.82226
1690848000,2023-08-01 00:00:00,SOL/USD,23.6699,24.1443,22.8001,23.9749,14522.05,348164.696545
1690761600,2023-07-31 00:00:00,SOL/USD,24.2028,24.9705,23.6087,23.7062,20282.54,480821.949748
1690675200,2023-07-30 00:00:00,SOL/USD,25.1387,25.3699,23.6200,24.2494,11855.60,287491.18664
1690588800,2023-07-29 00:00:00,SOL/USD,24.7801,25.3628,24.7506,25.1565,2306.53,58024.221945000005
1690502400,2023-07-28 00:00:00,SOL/USD,25.1330,25.5004,24.5600,24.8014,4602.24,114141.995136
1690416000,2023-07-27 00:00:00,SOL/USD,25.1814,25.5700,24.5000,25.1302,28920.59,726780.2108179999
1690329600,2023-07-26 00:00:00,SOL/USD,23.3400,25.5946,23.2151,25.1966,16239.33,409175.902278
1690243200,2023-07-25 00:00:00,SOL/USD,23.3398,23.5450,22.6043,23.3071,12385.31,288665.658701
1690156800,2023-07-24 00:00:00,SOL/USD,24.7476,24.7837,22.8622,23.3392,45070.95,1051919.91624
1690070400,2023-07-23 00:00:00,SOL/USD,24.5121,25.2162,24.1751,24.7896,10311.92,255628.372032
1689984000,2023-07-22 00:00:00,SOL/USD,25.5062,25.9529,24.0912,24.5173,10793.79,264634.587567
1689897600,2023-07-21 00:00:00,SOL/USD,25.3681,25.9681,25.0789,25.5253,10179.96,259846.532988
1689811200,2023-07-20 00:00:00,SOL/USD,26.3353,27.3479,25.0500,25.3525,14284.31,362142.969275
1689724800,2023-07-19 00:00:00,SOL/USD,25.4846,28.0013,25.4193,26.3357,19216.80,506087.87976
1689638400,2023-07-18 00:00:00,SOL/USD,26.8174,27.0450,24.8051,25.5548,16220.01,414499.111548
1689552000,2023-07-17 00:00:00,SOL/USD,27.4263,28.4117,25.7600,26.8802,11969.70,321747.92994
1689465600,2023-07-16 00:00:00,SOL/USD,27.4835,28.5811,26.5095,27.3748,12302.52,336779.024496
1689379200,2023-07-15 00:00:00,SOL/USD,26.6815,29.0769,26.6148,27.2995,14186.73,387290.63563499996
1689292800,2023-07-14 00:00:00,SOL/USD,26.0410,32.2722,21.0000,26.7433,29579.38,791050.233154
1689206400,2023-07-13 00:00:00,SOL/USD,21.9174,26.6618,21.4623,25.9998,44847.44,1166024.4705120001
1689120000,2023-07-12 00:00:00,SOL/USD,22.0371,22.6955,21.8160,21.9603,16613.52,364837.883256
1689033600,2023-07-11 00:00:00,SOL/USD,21.3115,22.3450,21.2433,22.0862,7459.31,164747.81252200002
1688947200,2023-07-10 00:00:00,SOL/USD,21.3287,21.7000,20.4986,21.3003,51423.41,1095334.060023
1688860800,2023-07-09 00:00:00,SOL/USD,21.8600,22.3488,21.0363,21.3410,4861.59,103751.19219
1688774400,2023-07-08 00:00:00,SOL/USD,21.4971,22.4073,21.3499,21.8665,6450.77,141055.762205
1688688000,2023-07-07 00:00:00,SOL/USD,19.6870,21.7673,19.3291,21.4876,17584.10,377840.10715999996
1688601600,2023-07-06 00:00:00,SOL/USD,18.9838,21.0170,18.8800,19.6720,27455.29,540100.46488
1688515200,2023-07-05 00:00:00,SOL/USD,19.1202,19.3385,18.4000,18.9727,7109.71,134890.394917
1688428800,2023-07-04 00:00:00,SOL/USD,19.2579,19.8500,19.1100,19.1202,9359.67,178958.762334
1688342400,2023-07-03 00:00:00,SOL/USD,19.4558,19.6419,18.9047,19.2352,10032.38,192974.83577599996
1688256000,2023-07-02 00:00:00,SOL/USD,18.6848,19.9793,18.5814,19.4246,6059.15,117696.56509
1688169600,2023-07-01 00:00:00,SOL/USD,18.8605,18.9703,17.9267,18.6538,4675.30,87212.11114000001
1688083200,2023-06-30 00:00:00,SOL/USD,17.9827,19.9500,17.4249,18.9043,21677.50,409797.96325
1687996800,2023-06-29 00:00:00,SOL/USD,15.9993,18.2000,15.9500,17.9688,18437.10,331292.56248
1687910400,2023-06-28 00:00:00,SOL/USD,16.3709,16.6376,15.6618,16.0033,5884.44,94170.45865199999
1687824000,2023-06-27 00:00:00,SOL/USD,16.2332,16.9021,16.1494,16.6171,35223.98,585320.398058
1687737600,2023-06-26 00:00:00,SOL/USD,16.9474,17.0904,16.0160,16.2358,11869.44,192709.85395200003
1687651200,2023-06-25 00:00:00,SOL/USD,16.6304,17.3379,16.6038,16.9740,5896.75,100091.4345
1687564800,2023-06-24 00:00:00,SOL/USD,17.1435,17.5144,16.4405,16.6251,3621.84,60213.452184
1687478400,2023-06-23 00:00:00,SOL/USD,16.6320,17.5052,16.2306,17.1561,13038.49,223689.63828899997
1687392000,2023-06-22 00:00:00,SOL/USD,17.2600,17.7299,16.5963,16.6238,4842.31,80497.592978
1687305600,2023-06-21 00:00:00,SOL/USD,16.5823,17.3900,16.5737,17.2500,10504.36,181200.21000000002
1687219200,2023-06-20 00:00:00,SOL/USD,16.0544,16.6437,15.7542,16.6437,8950.08,148962.446496
1687132800,2023-06-19 00:00:00,SOL/USD,15.4001,16.1034,15.3781,16.1034,4817.90,77584.57085999999
1687046400,2023-06-18 00:00:00,SOL/USD,15.4944,15.8273,15.3356,15.4488,4211.83,65067.719304
1686960000,2023-06-17 00:00:00,SOL/USD,15.2888,16.0560,15.2538,15.6736,8088.76,126779.98873600001
1686873600,2023-06-16 00:00:00,SOL/USD,14.6946,15.4054,14.4230,15.3063,11451.49,175279.941387
1686787200,2023-06-15 00:00:00,SOL/USD,14.4954,15.0158,14.2100,14.7557,21526.54,317639.166278
1686700800,2023-06-14 00:00:00,SOL/USD,14.9543,15.2785,14.2495,14.4658,12936.16,187131.903328
1686614400,2023-06-13 00:00:00,SOL/USD,15.2345,15.8742,14.8502,14.9282,14766.66,220439.653812
1686528000,2023-06-12 00:00:00,SOL/USD,15.4602,15.6500,14.7715,15.2071,13136.68,199770.806428
1686441600,2023-06-11 00:00:00,SOL/USD,15.6845,16.0849,15.1777,15.5344,11541.87,179296.02532800002
1686355200,2023-06-10 00:00:00,SOL/USD,17.3619,19.0000,12.8269,15.7162,81459.74,1280237.5657880001
1686268800,2023-06-09 00:00:00,SOL/USD,18.8142,19.3242,17.1207,17.3972,11383.92,198048.33302400002
1686182400,2023-06-08 00:00:00,SOL/USD,18.7949,19.0976,18.0160,18.8727,26112.50,492813.37875
1686096000,2023-06-07 00:00:00,SOL/USD,20.3325,20.3325,18.6001,18.6777,10217.90,190846.87083
1686009600,2023-06-06 00:00:00,SOL/USD,20.0231,20.7118,19.2740,20.4969,9167.47,187904.71584299998
1685923200,2023-06-05 00:00:00,SOL/USD,21.7650,21.9513,19.3015,20.1073,13497.99,271408.13432699995
1685836800,2023-06-04 00:00:00,SOL/USD,21.2187,22.2644,21.2187,22.0885,2707.22,59798.42896999999
1685750400,2023-06-03 00:00:00,SOL/USD,21.2331,21.3436,21.0585,21.1435,4564.61,96511.83153499999
1685664000,2023-06-02 00:00:00,SOL/USD,20.4665,21.3446,20.4073,21.3446,5781.59,123405.725914
1685577600,2023-06-01 00:00:00,SOL/USD,20.8298,20.9685,20.4679,20.5077,7340.86,150544.154622
1685491200,2023-05-31 00:00:00,SOL/USD,21.2667,21.3212,20.4458,20.8253,7482.41,155823.432973
1685404800,2023-05-30 00:00:00,SOL/USD,20.5953,21.3909,20.5096,21.2588,16007.46,340299.390648
1685318400,2023-05-29 00:00:00,SOL/USD,20.8286,20.9610,20.2880,20.5953,14667.98,302091.448494
1685232000,2023-05-28 00:00:00,SOL/USD,20.4682,21.1157,20.3794,20.7975,8791.25,182836.021875
1685145600,2023-05-27 00:00:00,SOL/USD,19.3698,20.4882,19.3500,20.4485,16035.79,327907.851815
1685059200,2023-05-26 00:00:00,SOL/USD,19.2160,19.5331,19.1347,19.3668,16814.11,325635.50554800004
1684972800,2023-05-25 00:00:00,SOL/USD,19.2225,19.5238,18.8958,19.2817,16133.60,311083.23512
1684886400,2023-05-24 00:00:00,SOL/USD,20.0214,20.0214,18.7692,19.2147,15787.63,303354.57416099997
1684800000,2023-05-23 00:00:00,SOL/USD,19.5946,20.1532,19.4421,20.0683,22292.27,447367.962041
1684713600,2023-05-22 00:00:00,SOL/USD,19.5916,19.8825,19.2003,19.5383,14862.88,290395.408304
1684627200,2023-05-21 00:00:00,SOL/USD,20.2679,20.3448,19.4259,19.6020,8657.59,169706.07918
1684540800,2023-05-20 00:00:00,SOL/USD,20.2411,20.3315,20.1066,20.2737,3705.80,75130.27746000001
1684454400,2023-05-19 00:00:00,SOL/USD,20.3224,20.5053,20.2836,20.3402,2011.29,40910.040858
1684368000,2023-05-18 00:00:00,SOL/USD,21.0133,21.0739,20.1538,20.3440,5517.34,112244.76496000001
1684281600,2023-05-17 00:00:00,SOL/USD,20.6617,21.1529,20.4828,21.1529,9776.23,206795.61556699997
1684195200,2023-05-16 00:00:00,SOL/USD,21.0835,21.1208,20.4633,20.6715,20085.70,415201.5475500001
1684108800,2023-05-15 00:00:00,SOL/USD,20.9455,21.5045,20.7879,21.0042,24427.36,513077.15491200006
1684022400,2023-05-14 00:00:00,SOL/USD,20.8090,21.2393,20.6717,20.9539,10015.10,209855.40389000002
1683936000,2023-05-13 00:00:00,SOL/USD,20.9275,21.2193,19.9721,20.8729,5577.56,116419.85212400001
1683849600,2023-05-12 00:00:00,SOL/USD,20.1607,20.9877,19.6571,20.9428,5989.25,125431.66489999999
1683763200,2023-05-11 00:00:00,SOL/USD,20.6446,20.7055,19.7551,20.2407,7116.07,144034.238049
1683676800,2023-05-10 00:00:00,SOL/USD,20.6600,21.2498,19.8304,20.9398,7534.47,157770.29490600002
1683590400,2023-05-09 00:00:00,SOL/USD,20.6430,20.9672,20.4316,20.6513,7991.55,165035.896515
1683504000,2023-05-08 00:00:00,SOL/USD,21.6690,21.8012,20.0973,20.6751,46960.31,970909.105281
1683417600,2023-05-07 00:00:00,SOL/USD,21.8557,22.7856,21.7477,21.7630,5641.65,122779.22895
1683331200,2023-05-06 00:00:00,SOL/USD,22.9086,23.7499,21.7320,21.9212,12888.02,282520.864024
1683244800,2023-05-05 00:00:00,SOL/USD,21.7338,23.7499,21.7108,22.8221,13677.66,312152.92428599996
1683158400,2023-05-04 00:00:00,SOL/USD,22.2811,22.4758,21.6600,21.7421,17104.30,371883.40103
1683072000,2023-05-03 00:00:00,SOL/USD,21.9636,22.2825,21.2927,22.1490,8811.68,195169.90032000002
1682985600,2023-05-02 00:00:00,SOL/USD,21.9309,22.3354,21.7678,22.2518,5891.24,131090.69423199998
1682899200,2023-05-01 00:00:00,SOL/USD,22.8680,22.8680,21.5502,21.9626,28273.50,620959.5711
1682812800,2023-04-30 00:00:00,SOL/USD,23.1848,23.9299,22.9497,23.0997,15654.52,361614.715644
1682726400,2023-04-29 00:00:00,SOL/USD,23.3900,23.9000,22.9916,23.1129,18284.00,422596.2636
1682640000,2023-04-28 00:00:00,SOL/USD,22.3264,23.5049,22.2256,23.3644,50339.29,1176147.307276
1682553600,2023-04-27 00:00:00,SOL/USD,21.2905,22.4900,21.2905,22.2747,11966.02,266539.505694
1682467200,2023-04-26 00:00:00,SOL/USD,21.9500,22.8780,20.5721,21.2759,20245.79,430747.403461
1682380800,2023-04-25 00:00:00,SOL/USD,21.3187,21.9366,20.1000,21.9108,9570.45,209696.21586
1682294400,2023-04-24 00:00:00,SOL/USD,21.4721,21.9549,21.0361,21.4035,17234.42,368876.90846999997
1682208000,2023-04-23 00:00:00,SOL/USD,21.7953,22.2077,20.5000,21.4569,8675.66,186152.769054
1682121600,2023-04-22 00:00:00,SOL/USD,21.1856,21.9480,21.1000,21.9480,13451.55,295234.61939999997
1682035200,2023-04-21 00:00:00,SOL/USD,22.1138,22.3587,20.6400,21.2112,9351.55,198357.59735999999
1681948800,2023-04-20 00:00:00,SOL/USD,22.9112,24.6000,21.6080,22.1076,14471.19,319923.280044
1681862400,2023-04-19 00:00:00,SOL/USD,24.7645,25.4582,21.8908,22.5542,34733.34,783382.697028
1681776000,2023-04-18 00:00:00,SOL/USD,24.5588,25.7900,24.0800,24.6757,10852.25,267786.86532499996
1681689600,2023-04-17 00:00:00,SOL/USD,25.3737,25.9432,24.3803,24.5916,24523.25,603065.9547
1681603200,2023-04-16 00:00:00,SOL/USD,24.1492,25.8800,24.0546,25.2682,7918.59,200088.515838
1681516800,2023-04-15 00:00:00,SOL/USD,24.6010,25.2000,23.9419,24.1046,13387.18,322692.61902800004
1681430400,2023-04-14 00:00:00,SOL/USD,24.3661,25.4434,23.7771,24.7757,27567.49,683003.861993
1681344000,2023-04-13 00:00:00,SOL/USD,24.0413,26.0000,23.7176,24.3862,16859.28,411133.77393599995
1681257600,2023-04-12 00:00:00,SOL/USD,23.2786,24.4999,22.4595,23.9297,23873.47,571284.9750590001
1681171200,2023-04-11 00:00:00,SOL/USD,20.8430,23.6676,20.8430,22.9805,29005.57,666562.501385
1681084800,2023-04-10 00:00:00,SOL/USD,20.3339,20.9462,20.1034,20.9462,6444.55,134988.83321
1680998400,2023-04-09 00:00:00,SOL/USD,20.1623,20.3778,19.9539,20.3641,4342.36,88428.25327599999
1680912000,2023-04-08 00:00:00,SOL/USD,20.4258,20.6887,19.9217,20.0557,11403.80,228711.19166
1680825600,2023-04-07 00:00:00,SOL/USD,20.6136,20.7302,20.2910,20.4904,3182.86,65218.074544
1680739200,2023-04-06 00:00:00,SOL/USD,20.8777,20.8777,20.4880,20.6082,6528.42,134538.985044
1680652800,2023-04-05 00:00:00,SOL/USD,20.9194,21.3000,20.3000,20.9063,11972.40,250298.58612000002
1680566400,2023-04-04 00:00:00,SOL/USD,20.5120,21.2100,20.3335,20.9134,9003.57,188295.260838
1680480000,2023-04-03 00:00:00,SOL/USD,20.3057,21.0011,20.0001,20.4497,14833.58,303342.260926
1680393600,2023-04-02 00:00:00,SOL/USD,21.1422,21.2089,20.3372,20.5793,6204.46,127683.443678
1680307200,2023-04-01 00:00:00,SOL/USD,21.1723,21.2924,20.7978,21.1476,7674.58,162298.948008
1680220800,2023-03-31 00:00:00,SOL/USD,20.5765,21.4643,20.1424,21.2130,12032.29,255240.96777000002
1680134400,2023-03-30 00:00:00,SOL/USD,21.1700,21.6300,20.2067,20.5704,35763.77,735675.054408
1680048000,2023-03-29 00:00:00,SOL/USD,20.4719,21.5089,20.4719,21.1170,11084.09,234062.72853000002
1679961600,2023-03-28 00:00:00,SOL/USD,19.8997,20.7000,19.6342,20.3973,4566.65,93147.330045
1679875200,2023-03-27 00:00:00,SOL/USD,20.9667,20.9667,19.4100,19.9484,8246.45,164503.48318
1679788800,2023-03-26 00:00:00,SOL/USD,20.4393,21.1600,20.4142,20.9763,2319.31,48650.542353
1679702400,2023-03-25 00:00:00,SOL/USD,20.7571,20.9457,20.1606,20.4355,3906.65,79834.34607500001
1679616000,2023-03-24 00:00:00,SOL/USD,22.2554,22.2559,20.3798,20.6668,16333.10,337552.91108
1679529600,2023-03-23 00:00:00,SOL/USD,21.3673,22.6486,21.1992,22.2421,9191.21,204431.811941
1679443200,2023-03-22 00:00:00,SOL/USD,22.5147,23.0303,21.0021,21.4757,19790.26,425009.68668199994
1679356800,2023-03-21 00:00:00,SOL/USD,22.2474,23.2590,21.6191,22.6372,25988.83,588314.3424760001
1679270400,2023-03-20 00:00:00,SOL/USD,22.0386,23.9378,20.9385,22.2400,41450.14,921851.1135999999
1679184000,2023-03-19 00:00:00,SOL/USD,21.2675,22.4111,21.2675,21.9103,7981.73,174882.09881899998
1679097600,2023-03-18 00:00:00,SOL/USD,21.5675,22.8774,21.0284,21.1351,19332.75,408599.60452500003
1679011200,2023-03-17 00:00:00,SOL/USD,19.6972,23.2300,19.5180,21.6091,23041.71,497910.615561
1678924800,2023-03-16 00:00:00,SOL/USD,19.3117,19.9118,18.9741,19.7782,14876.84,294237.116888
1678838400,2023-03-15 00:00:00,SOL/USD,20.8675,21.5406,18.7744,19.2549,21742.32,418646.197368
1678752000,2023-03-14 00:00:00,SOL/USD,20.4007,22.1358,19.8737,20.9017,37079.86,775032.109762
1678665600,2023-03-13 00:00:00,SOL/USD,20.4039,22.0000,18.9614,20.3729,130642.06,2661557.624174
1678579200,2023-03-12 00:00:00,SOL/USD,18.1392,20.4417,17.8868,20.3033,14395.19,292269.861127
1678492800,2023-03-11 00:00:00,SOL/USD,18.2478,19.0000,17.0750,18.2203,21986.71,400604.45221300004
1678406400,2023-03-10 00:00:00,SOL/USD,17.1626,18.3091,16.0844,18.3091,17192.23,314774.258293
1678320000,2023-03-09 00:00:00,SOL/USD,18.4364,18.6599,16.8000,17.3368,16388.95,284131.94836000004
1678233600,2023-03-08 00:00:00,SOL/USD,20.3147,20.3147,18.2000,18.4499,11401.09,210348.970391
1678147200,2023-03-07 00:00:00,SOL/USD,20.5682,20.8815,19.6818,20.2537,11135.41,225533.25351699998
1678060800,2023-03-06 00:00:00,SOL/USD,20.9711,21.0637,20.4863,20.5989,3167.81,65253.401409
1677974400,2023-03-05 00:00:00,SOL/USD,21.1810,21.6181,20.8552,20.8735,2849.94,59488.22259
1677888000,2023-03-04 00:00:00,SOL/USD,21.4093,21.9999,20.0050,20.8269,10058.64,209490.28941599999
1677801600,2023-03-03 00:00:00,SOL/USD,21.9267,21.9267,20.2001,21.3803,6440.33,137696.187499
1677715200,2023-03-02 00:00:00,SOL/USD,22.5191,22.9593,21.7405,22.0061,85174.29,1874353.9431689999
1677628800,2023-03-01 00:00:00,SOL/USD,21.8122,22.8541,21.5295,22.3723,4594.53,102790.20351899999
1677542400,2023-02-28 00:00:00,SOL/USD,22.6939,22.6939,21.7910,22.0359,5020.09,110622.20123100001
1677456000,2023-02-27 00:00:00,SOL/USD,23.2024,23.4079,21.0148,22.6520,8463.78,191721.54456
1677369600,2023-02-26 00:00:00,SOL/USD,22.3070,23.5296,22.3070,23.2234,5592.27,129871.52311800001
1677283200,2023-02-25 00:00:00,SOL/USD,23.0844,23.2666,21.5066,22.4655,1699.21,38173.602255
1677196800,2023-02-24 00:00:00,SOL/USD,23.9615,24.1431,22.5216,23.0847,5753.92,132827.517024
1677110400,2023-02-23 00:00:00,SOL/USD,24.1749,24.6296,23.6145,23.8679,5401.81,128929.860899
1677024000,2023-02-22 00:00:00,SOL/USD,24.9790,25.1040,23.2792,24.1961,9199.86,222600.732546
1676937600,2023-02-21 00:00:00,SOL/USD,26.2884,26.7711,23.9000,24.9839,8012.98,200195.49102199997
1676851200,2023-02-20 00:00:00,SOL/USD,24.9515,27.0532,24.1777,26.0880,10515.68,274333.05984
1676764800,2023-02-19 00:00:00,SOL/USD,23.4547,25.5829,23.3101,24.8857,11809.73,293893.397861
1676678400,2023-02-18 00:00:00,SOL/USD,23.1560,23.8163,22.7815,23.4768,6881.23,161549.260464
1676592000,2023-02-17 00:00:00,SOL/USD,22.1849,23.5425,22.0679,23.1798,8156.19,189058.852962
1676505600,2023-02-16 00:00:00,SOL/USD,23.8462,24.1413,22.2358,22.3015,6837.82,152493.64273
1676419200,2023-02-15 00:00:00,SOL/USD,21.8791,23.9280,21.4565,23.9280,19664.90,470541.7272
1676332800,2023-02-14 00:00:00,SOL/USD,20.7761,22.3600,20.6894,21.8362,10794.26,235705.620212
1676246400,2023-02-13 00:00:00,SOL/USD,21.3528,21.3528,19.8130,20.8392,81887.62,1706472.490704
1676160000,2023-02-12 00:00:00,SOL/USD,20.8132,22.4874,20.6882,21.6504,4213.99,91234.569096
1676073600,2023-02-11 00:00:00,SOL/USD,20.2180,20.9250,20.2071,20.8444,5562.10,115938.63724000001
1675987200,2023-02-10 00:00:00,SOL/USD,20.5964,21.1715,19.7161,20.0570,16360.75,328147.56275
1675900800,2023-02-09 00:00:00,SOL/USD,23.1119,23.1900,20.0089,20.5220,12629.54,259183.41988
1675814400,2023-02-08 00:00:00,SOL/USD,24.0226,24.3083,22.6016,23.2595,2399.42,55809.30949
1675728000,2023-02-07 00:00:00,SOL/USD,22.6399,23.9250,22.6013,23.8725,3163.48,75520.17629999999
1675641600,2023-02-06 00:00:00,SOL/USD,23.5576,24.7248,22.5976,22.7399,2639.24,60016.05367599999
1675555200,2023-02-05 00:00:00,SOL/USD,24.3900,24.4119,23.0926,23.4601,3444.86,80816.76008600001
1675468800,2023-02-04 00:00:00,SOL/USD,24.7998,24.9001,24.0107,24.3297,19144.07,465769.479879
1675382400,2023-02-03 00:00:00,SOL/USD,24.3396,25.0370,24.1166,24.8000,25276.23,626850.504
1675296000,2023-02-02 00:00:00,SOL/USD,25.0320,26.1064,24.1676,24.2779,6927.54,168186.12336599999
1675209600,2023-02-01 00:00:00,SOL/USD,23.8422,25.2065,22.5751,24.9411,13300.13,331719.87234299997
1675123200,2023-01-31 00:00:00,SOL/USD,23.9044,24.4321,23.5001,23.9269,11591.44,277347.225736
1675036800,2023-01-30 00:00:00,SOL/USD,26.1859,26.1859,23.3210,23.9632,8070.78,193401.715296
1674950400,2023-01-29 00:00:00,SOL/USD,24.1127,26.7679,23.9669,26.1659,6390.33,167208.735747
1674864000,2023-01-28 00:00:00,SOL/USD,24.5268,25.0756,23.7816,23.8968,8113.12,193877.60601599998
1674777600,2023-01-27 00:00:00,SOL/USD,24.3141,24.7931,23.4503,24.4347,6588.20,160980.69053999998
1674691200,2023-01-26 00:00:00,SOL/USD,24.6674,25.2070,23.9401,24.3577,4032.40,98219.98948
1674604800,2023-01-25 00:00:00,SOL/USD,22.7900,25.8499,22.3098,24.6454,7702.00,189818.87079999998
1674518400,2023-01-24 00:00:00,SOL/USD,24.3091,25.1486,22.3720,22.8002,7345.28,167473.853056
1674432000,2023-01-23 00:00:00,SOL/USD,24.4169,24.8000,23.9908,24.3310,3918.73,95346.61963
1674345600,2023-01-22 00:00:00,SOL/USD,24.5688,25.2957,23.6571,24.2324,7651.51,185414.450924
1674259200,2023-01-21 00:00:00,SOL/USD,25.6668,26.4492,24.4742,24.5611,13655.36,335390.662496
1674172800,2023-01-20 00:00:00,SOL/USD,21.3695,26.1291,20.9917,25.5530,10438.64,266738.56792
1674086400,2023-01-19 00:00:00,SOL/USD,21.1341,22.4636,20.4886,21.4577,6262.06,134369.404862
1674000000,2023-01-18 00:00:00,SOL/USD,22.8623,23.5700,20.1400,20.8153,21764.09,453026.062577
1673913600,2023-01-17 00:00:00,SOL/USD,23.3102,23.7930,22.9212,23.2099,5411.72,125605.480028
1673827200,2023-01-16 00:00:00,SOL/USD,22.4996,24.9589,22.4047,23.5963,20824.81,491388.464203
1673740800,2023-01-15 00:00:00,SOL/USD,24.2505,24.9299,21.0080,22.8568,13150.40,300576.06272
1673654400,2023-01-14 00:00:00,SOL/USD,18.2289,25.0000,18.2289,24.2885,34247.43,831818.703555
1673568000,2023-01-13 00:00:00,SOL/USD,16.6551,18.5569,15.8583,18.2048,9326.57,169788.341536
1673481600,2023-01-12 00:00:00,SOL/USD,16.4099,17.0000,15.7089,16.6352,14644.21,243609.362192
1673395200,2023-01-11 00:00:00,SOL/USD,16.1600,16.5984,15.4008,16.3416,7433.21,121470.544536
1673308800,2023-01-10 00:00:00,SOL/USD,16.4149,16.9799,15.5722,16.2436,4948.90,80387.95204
1673222400,2023-01-09 00:00:00,SOL/USD,14.3948,17.5316,14.2913,16.2729,20488.03,333399.663387
1673136000,2023-01-08 00:00:00,SOL/USD,13.0922,14.5580,12.9361,14.4407,5993.07,86544.125949
1673049600,2023-01-07 00:00:00,SOL/USD,13.4203,13.4439,13.0357,13.0917,1315.48,17221.869516
1672963200,2023-01-06 00:00:00,SOL/USD,13.4253,13.5186,12.7640,13.4400,6613.77,88889.06880000001
1672876800,2023-01-05 00:00:00,SOL/USD,13.3600,14.1466,12.9761,13.4061,5569.87,74670.234207
1672790400,2023-01-04 00:00:00,SOL/USD,13.5240,14.1827,12.8680,13.4441,29228.72,392953.83455200004
1672704000,2023-01-03 00:00:00,SOL/USD,11.2927,13.7998,11.1178,13.3481,20981.44,280062.35926399997
1672617600,2023-01-02 00:00:00,SOL/USD,9.9152,11.8690,9.8000,11.2662,4364.91,49175.94904199999
1672531200,2023-01-01 00:00:00,SOL/USD,9.9780,10.9548,9.7275,9.9781,1525.55,15222.090455
1672444800,2022-12-31 00:00:00,SOL/USD,9.8888,10.6083,9.6672,9.9451,3190.64,31731.233863999998
1672358400,2022-12-30 00:00:00,SOL/USD,9.6624,10.0000,9.0000,9.8595,10118.88,99767.09736
1672272000,2022-12-29 00:00:00,SOL/USD,9.8324,10.5670,8.1000,9.6624,12876.66,124419.43958399999
1672185600,2022-12-28 00:00:00,SOL/USD,11.0267,11.0376,9.4767,9.8091,13336.07,130814.84423700001
1672099200,2022-12-27 00:00:00,SOL/USD,11.3752,11.4237,10.5601,11.0376,6308.59,69631.692984
1672012800,2022-12-26 00:00:00,SOL/USD,11.2785,11.4364,11.1000,11.3287,4902.76,55541.897212
1671926400,2022-12-25 00:00:00,SOL/USD,11.4716,11.5428,11.2458,11.3882,2924.69,33306.954658
1671840000,2022-12-24 00:00:00,SOL/USD,11.7570,11.7571,11.1717,11.3959,5717.44,65155.37449599999
1671753600,2022-12-23 00:00:00,SOL/USD,11.8091,12.0659,11.6800,11.7805,3550.76,41829.728180000006
1671667200,2022-12-22 00:00:00,SOL/USD,12.1245,12.1300,11.7120,11.7364,2340.07,27463.997548000003
1671580800,2022-12-21 00:00:00,SOL/USD,12.2016,12.2631,11.8946,12.0876,4030.14,48714.720263999996
1671494400,2022-12-20 00:00:00,SOL/USD,12.0390,12.4275,12.0389,12.2631,3135.64,38452.666884
1671408000,2022-12-19 00:00:00,SOL/USD,12.2352,12.4474,11.6883,11.8405,3908.58,46279.54149
1671321600,2022-12-18 00:00:00,SOL/USD,12.4596,12.5426,12.2748,12.4583,1418.87,17676.708121
1671235200,2022-12-17 00:00:00,SOL/USD,12.2354,13.4795,12.0055,12.4454,3412.89,42474.781206
1671148800,2022-12-16 00:00:00,SOL/USD,14.0394,14.1363,12.0500,12.2329,8933.05,109277.107345
1671062400,2022-12-15 00:00:00,SOL/USD,14.0807,14.4561,13.9478,14.0008,1620.71,22691.236568
1670976000,2022-12-14 00:00:00,SOL/USD,13.8999,14.9146,13.8194,14.0947,6123.11,86303.398517
1670889600,2022-12-13 00:00:00,SOL/USD,13.2606,14.2739,12.9553,13.8027,3408.25,47043.052275
1670803200,2022-12-12 00:00:00,SOL/USD,13.4262,13.4272,12.5001,13.3162,3831.23,51017.424926
1670716800,2022-12-11 00:00:00,SOL/USD,13.5685,13.7319,13.3996,13.3996,2070.67,27746.149732
1670630400,2022-12-10 00:00:00,SOL/USD,13.5941,13.6915,13.5653,13.5653,390.16,5292.637448
1670544000,2022-12-09 00:00:00,SOL/USD,13.7000,14.0998,13.5108,13.5802,1961.22,26633.759844
1670457600,2022-12-08 00:00:00,SOL/USD,13.4534,13.9599,13.3000,13.7137,2070.57,28395.175809
1670371200,2022-12-07 00:00:00,SOL/USD,14.3048,14.3048,13.1949,13.5220,4887.00,66082.014
1670284800,2022-12-06 00:00:00,SOL/USD,13.8576,14.3504,13.8381,14.1146,1989.57,28081.984721999997
1670198400,2022-12-05 00:00:00,SOL/USD,14.0200,14.4998,13.5107,13.8266,4443.00,61431.58379999999
1670112000,2022-12-04 00:00:00,SOL/USD,13.2894,13.6896,13.2894,13.6344,847.93,11561.016791999999
1670025600,2022-12-03 00:00:00,SOL/USD,13.7775,14.2000,13.2071,13.3170,1899.96,25301.76732
1669939200,2022-12-02 00:00:00,SOL/USD,13.4688,13.7634,13.3500,13.7466,922.98,12687.836868
1669852800,2022-12-01 00:00:00,SOL/USD,14.1523,14.1592,13.3998,13.4826,2832.09,38183.936634
1669766400,2022-11-30 00:00:00,SOL/USD,13.3465,14.4927,13.3171,14.0920,5207.28,73380.98976
1669680000,2022-11-29 00:00:00,SOL/USD,13.3693,13.8603,13.2660,13.3872,3340.76,44723.422272
1669593600,2022-11-28 00:00:00,SOL/USD,14.1282,14.1282,11.1002,13.3527,5380.29,71841.398283
1669507200,2022-11-27 00:00:00,SOL/USD,14.0683,14.4233,14.0393,14.0816,1319.42,18579.544672
1669420800,2022-11-26 00:00:00,SOL/USD,14.3120,14.8888,13.9504,13.9504,1508.91,21049.898064
1669334400,2022-11-25 00:00:00,SOL/USD,14.3395,14.4243,13.9307,14.1570,1659.56,23494.390919999998
1669248000,2022-11-24 00:00:00,SOL/USD,14.0426,14.8000,13.8978,14.5647,1808.00,26332.977600000002
1669161600,2022-11-23 00:00:00,SOL/USD,12.4163,14.3858,11.4488,14.3287,6771.42,97025.645754
1669075200,2022-11-22 00:00:00,SOL/USD,12.0319,12.7473,10.9611,12.3540,5295.38,65419.12452
1668988800,2022-11-21 00:00:00,SOL/USD,12.1001,12.9446,11.3086,11.9092,4856.83,57840.959836
1668902400,2022-11-20 00:00:00,SOL/USD,12.7821,13.3133,11.8072,12.3879,5475.55,67830.565845
1668816000,2022-11-19 00:00:00,SOL/USD,13.2616,13.2616,12.5915,12.8128,4457.04,57107.162112
1668729600,2022-11-18 00:00:00,SOL/USD,13.6353,13.8204,12.9739,13.1931,4934.91,65106.761120999996
1668643200,2022-11-17 00:00:00,SOL/USD,14.3170,14.4421,12.9788,13.6092,7425.91,101060.694372
1668556800,2022-11-16 00:00:00,SOL/USD,14.2934,14.5832,13.5203,14.2892,9070.15,129605.18737999999
1668470400,2022-11-15 00:00:00,SOL/USD,14.0699,15.0699,13.5028,14.2934,8280.85,118361.50139
1668384000,2022-11-14 00:00:00,SOL/USD,13.1651,15.1999,12.2352,13.9819,21199.57,296410.26778299996
1668297600,2022-11-13 00:00:00,SOL/USD,14.4872,14.6421,12.8000,12.9660,18615.15,241364.0349
1668211200,2022-11-12 00:00:00,SOL/USD,16.2721,16.8149,13.3851,14.5537,8314.75,121010.377075
1668124800,2022-11-11 00:00:00,SOL/USD,17.7016,18.8469,14.5935,16.1228,11040.63,178005.869364
1668038400,2022-11-10 00:00:00,SOL/USD,14.9607,19.8000,12.8009,17.7399,8042.67,142676.16153299998
1667952000,2022-11-09 00:00:00,SOL/USD,24.9997,25.4000,12.4999,13.8500,37959.56,525739.906
1667865600,2022-11-08 00:00:00,SOL/USD,29.8506,32.0000,21.0000,24.9998,139401.89,3485019.3696220005
1667779200,2022-11-07 00:00:00,SOL/USD,32.6455,33.0907,28.1907,29.6113,27813.74,823600.9992620001
1667692800,2022-11-06 00:00:00,SOL/USD,36.8221,36.8221,32.5485,32.6068,6511.88,212331.568784
1667606400,2022-11-05 00:00:00,SOL/USD,33.7799,38.8998,33.7799,36.7530,10794.21,396719.60013
1667520000,2022-11-04 00:00:00,SOL/USD,31.1153,34.0443,31.1153,33.7334,22000.11,742138.5106740001
1667433600,2022-11-03 00:00:00,SOL/USD,30.7045,32.1845,30.7045,31.1512,5386.64,167800.299968
1667347200,2022-11-02 00:00:00,SOL/USD,31.9602,34.7332,30.2490,30.7731,6696.10,206059.75491000002
1667260800,2022-11-01 00:00:00,SOL/USD,32.6548,33.3735,32.1941,32.2701,4179.92,134886.436392
1667174400,2022-10-31 00:00:00,SOL/USD,33.1500,34.3373,31.7002,32.6441,5731.19,187089.539479
1667088000,2022-10-30 00:00:00,SOL/USD,32.7750,33.5566,31.9822,32.8426,1464.49,48097.659274
1667001600,2022-10-29 00:00:00,SOL/USD,32.0711,33.7100,31.9569,32.7461,3109.83,101834.804163
1666915200,2022-10-28 00:00:00,SOL/USD,30.5404,32.5176,30.1589,32.1442,10256.87,329698.880654
1666828800,2022-10-27 00:00:00,SOL/USD,31.3573,32.1980,30.5268,30.5471,10799.18,329883.631378
1666742400,2022-10-26 00:00:00,SOL/USD,30.9249,31.9556,30.7559,31.2206,14071.46,439319.424076
1666656000,2022-10-25 00:00:00,SOL/USD,28.3192,32.9999,28.1664,30.9480,49573.53,1534201.60644
1666569600,2022-10-24 00:00:00,SOL/USD,29.3707,29.3707,28.0004,28.2233,1725.78,48707.206673999994
1666483200,2022-10-23 00:00:00,SOL/USD,28.0427,30.0943,27.8990,29.2465,3430.42,100327.77853000001
1666396800,2022-10-22 00:00:00,SOL/USD,27.8717,28.1877,27.5805,28.0174,527.28,14773.014672
1666310400,2022-10-21 00:00:00,SOL/USD,27.8326,28.1516,26.9759,28.1169,11445.76,321819.289344
1666224000,2022-10-20 00:00:00,SOL/USD,28.8012,29.4174,28.0000,28.1768,7336.75,206726.1374
1666137600,2022-10-19 00:00:00,SOL/USD,30.2167,30.2167,28.8481,28.8481,1333.56,38470.672236
1666051200,2022-10-18 00:00:00,SOL/USD,31.1808,31.4474,29.8019,30.1798,4672.56,141016.92628800002
1665964800,2022-10-17 00:00:00,SOL/USD,30.0417,31.2694,29.9345,31.2694,1847.51,57770.529194
1665878400,2022-10-16 00:00:00,SOL/USD,29.7409,30.4796,29.7409,30.2383,646.94,19562.365802
1665792000,2022-10-15 00:00:00,SOL/USD,29.9944,30.1937,29.5000,29.6270,1276.75,37826.27225
1665705600,2022-10-14 00:00:00,SOL/USD,30.4499,31.9149,29.7080,29.9944,14264.06,427841.92126399995
1665619200,2022-10-13 00:00:00,SOL/USD,31.2005,31.2005,28.0000,30.5075,10038.84,306259.91130000004
1665532800,2022-10-12 00:00:00,SOL/USD,30.8169,31.4201,30.0052,31.1167,1895.52,58982.327184
1665446400,2022-10-11 00:00:00,SOL/USD,31.5246,31.7904,30.5928,30.8004,2020.73,62239.292292
1665360000,2022-10-10 00:00:00,SOL/USD,32.9997,33.3676,31.0085,31.0085,1127.28,34955.26188
1665273600,2022-10-09 00:00:00,SOL/USD,32.5416,33.1141,32.0087,32.7758,1233.09,40415.511221999994
1665187200,2022-10-08 00:00:00,SOL/USD,32.9833,33.0000,32.4420,32.5444,381.29,12408.854276000002
1665100800,2022-10-07 00:00:00,SOL/USD,33.3562,33.7163,32.5688,32.9682,16891.74,556890.2626680001
1665014400,2022-10-06 00:00:00,SOL/USD,34.2276,34.4916,33.2480,33.3744,3722.43,124233.867792
1664928000,2022-10-05 00:00:00,SOL/USD,33.9750,34.3280,33.1998,33.9790,16446.48,558834.94392
1664841600,2022-10-04 00:00:00,SOL/USD,33.0341,34.3676,32.8589,34.1343,46073.83,1572697.9353690003
1664755200,2022-10-03 00:00:00,SOL/USD,31.9735,36.9156,31.7500,32.9485,5339.07,175914.347895
1664668800,2022-10-02 00:00:00,SOL/USD,32.6512,32.9708,31.9964,31.9964,8788.34,281195.241976
1664582400,2022-10-01 00:00:00,SOL/USD,33.1366,33.1379,32.3923,32.4942,6051.12,196626.30350399998
1664496000,2022-09-30 00:00:00,SOL/USD,33.9176,34.9728,32.6885,33.2069,8206.44,272510.432436
1664409600,2022-09-29 00:00:00,SOL/USD,33.3915,34.3470,32.0001,33.9094,8818.31,299023.60111399996
1664323200,2022-09-28 00:00:00,SOL/USD,32.4091,36.9159,31.7264,33.2815,2161.85,71949.610775
1664236800,2022-09-27 00:00:00,SOL/USD,33.8368,35.3774,32.4361,32.8813,10074.27,331255.094151
1664150400,2022-09-26 00:00:00,SOL/USD,32.3157,36.7840,31.9444,33.9280,23148.65,785387.3972
1664064000,2022-09-25 00:00:00,SOL/USD,33.5657,33.9894,32.0000,32.3351,4001.76,129397.309776
1663977600,2022-09-24 00:00:00,SOL/USD,33.8263,34.5321,33.2936,33.5187,4469.03,149796.075861
1663891200,2022-09-23 00:00:00,SOL/USD,32.3820,33.9001,31.3170,33.6826,4895.28,164885.758128
1663804800,2022-09-22 00:00:00,SOL/USD,30.9519,32.8246,30.9197,32.4044,2601.06,84285.788664
1663718400,2022-09-21 00:00:00,SOL/USD,32.9978,33.4381,30.2265,30.7730,14703.36,452466.49728
1663632000,2022-09-20 00:00:00,SOL/USD,32.8079,33.6999,30.6848,31.6781,6615.98,209581.67603799998
1663545600,2022-09-19 00:00:00,SOL/USD,33.7194,33.7194,30.6110,32.6270,7832.04,255535.96908
1663459200,2022-09-18 00:00:00,SOL/USD,33.5056,33.7514,30.9835,30.9939,1894.93,58731.270927000005
1663372800,2022-09-17 00:00:00,SOL/USD,32.3519,37.2252,32.3519,33.8302,2634.74,89133.78114799998
1663286400,2022-09-16 00:00:00,SOL/USD,32.8169,33.2067,31.5662,32.1177,4142.62,133051.426374
1663200000,2022-09-15 00:00:00,SOL/USD,34.1026,34.7663,32.6668,33.1098,7598.15,251573.22686999998
1663113600,2022-09-14 00:00:00,SOL/USD,33.0110,34.3690,32.7278,34.0101,5503.40,187171.18434
1663027200,2022-09-13 00:00:00,SOL/USD,37.1700,38.9000,33.0531,33.1136,6517.64,215822.523904
1662940800,2022-09-12 00:00:00,SOL/USD,34.6850,38.1766,34.4264,37.3486,6324.77,236221.304822
1662854400,2022-09-11 00:00:00,SOL/USD,35.0015,35.9765,34.1388,34.9220,4251.23,148461.45405999996
1662768000,2022-09-10 00:00:00,SOL/USD,34.8086,35.2500,34.3100,35.2500,819.54,28888.785
1662681600,2022-09-09 00:00:00,SOL/USD,34.0706,35.8958,34.0225,34.9690,5641.84,197289.50296
1662595200,2022-09-08 00:00:00,SOL/USD,32.5730,33.8066,32.0906,33.3796,2693.44,89905.94982400001
1662508800,2022-09-07 00:00:00,SOL/USD,30.8201,35.9659,30.3903,32.8050,2983.40,97870.437
1662422400,2022-09-06 00:00:00,SOL/USD,33.0413,34.7165,30.6550,30.8954,11531.28,356263.508112
1662336000,2022-09-05 00:00:00,SOL/USD,32.4138,39.0000,31.2000,32.3103,1258.28,40655.404284
1662249600,2022-09-04 00:00:00,SOL/USD,31.1165,32.1284,31.1000,32.0907,2613.72,83876.10440399998
1662163200,2022-09-03 00:00:00,SOL/USD,31.1091,31.2470,30.9097,31.1169,1325.28,41238.605232
1662076800,2022-09-02 00:00:00,SOL/USD,31.5800,32.3137,30.8589,31.0775,682.20,21201.0705
1661990400,2022-09-01 00:00:00,SOL/USD,31.7089,31.7089,30.6152,31.5013,1216.55,38322.906515
1661904000,2022-08-31 00:00:00,SOL/USD,31.5885,32.7500,31.2950,31.4562,1485.13,46716.546306000004
1661817600,2022-08-30 00:00:00,SOL/USD,32.2783,32.9217,30.6987,31.5652,2187.49,69048.559348
1661731200,2022-08-29 00:00:00,SOL/USD,30.5383,32.0946,30.1300,32.0653,2430.68,77940.483404
1661644800,2022-08-28 00:00:00,SOL/USD,31.4399,31.9552,30.6181,30.6181,1219.10,37326.525709999994
1661558400,2022-08-27 00:00:00,SOL/USD,31.8763,32.1497,31.0000,31.5634,596.59,18830.408806000003
1661472000,2022-08-26 00:00:00,SOL/USD,34.6600,35.3977,31.5220,31.7049,2189.86,69429.292314
1661385600,2022-08-25 00:00:00,SOL/USD,35.0723,36.2519,35.0723,35.7900,1214.05,43450.8495
1661299200,2022-08-24 00:00:00,SOL/USD,35.4143,41.0000,35.3779,35.4695,697.50,24739.976249999996
1661212800,2022-08-23 00:00:00,SOL/USD,41.0875,41.0875,41.0875,41.0875,0.00,0.0
1661126400,2022-08-22 00:00:00,SOL/USD,41.0875,41.0875,41.0875,41.0875,0.00,0.0
1661040000,2022-08-21 00:00:00,SOL/USD,41.0875,41.0875,41.0875,41.0875,0.00,0.0
1660953600,2022-08-20 00:00:00,SOL/USD,41.0875,41.0875,41.0875,41.0875,0.00,0.0
1660867200,2022-08-19 00:00:00,SOL/USD,41.0875,41.0875,41.0875,41.0875,0.00,0.0
1660780800,2022-08-18 00:00:00,SOL/USD,41.0875,41.0875,41.0875,41.0875,0.20,8.2175
